row_id,original_text,language,url,author_hash,date,primary_theme,manipulative_score,decision,review_flag
131660,"باير ليفركوزن فالنسيا هيرتا برلين وولفرهامبتون واندررز النصر

ڪۆد خضم مباشر

▬عود▬ميلان▬ميلانو▬ ← S92",ar,x.com,db0937f97ebd8eb60150706b2bdb146021235964,2024-11-19T19:30:40.000Z,Sports,0.9980469,Manipulative,False
133714,"برايتون وهوف ألبيون لوهافر ريال مدريد أفيس مانشستر سيتي

ڪۆد خضم مباشر

▬ڪاردىال▬ ← M63",ar,x.com,7e0161494b5c5ecf33a0f73e56b7034e9a276729,2024-11-19T19:31:15.000Z,Sports,0.9980469,Manipulative,False
131745,"برايتون وهوف ألبيون مونبلييه كازا بيا

ڪۆد خضم مباشر

▬فلاي▬ان▬ ← ABC559",ar,x.com,e31406c8a878ade6c94f05c74648d931b38e2894,2024-11-19T19:30:42.000Z,Sports,0.9980469,Manipulative,False
127683,"توتنهام هوتسبر غو أهيد إيغلز ريال بيتيس إنتر ميلان بي إس في

ڪۆد خضم مباشر

▬ڪاردىال▬ ← M63",ar,x.com,d2aa6e874fe2a2b6e66f71511ee0d04e928cf284,2024-11-19T19:29:39.000Z,Sports,0.9980469,Manipulative,False
129016,"هيرنفين إسبانيول رايو فاييكانو كازا بيا لانس

ڪۆد خضم مباشر

▬تُيموُ▬ ← acs678251",ar,x.com,2e5a7f5703e6175018461b4d2f6af27f57442edc,2024-11-19T19:30:00.000Z,Entertainment,0.9980469,Manipulative,False
128951,"بورنموث فالنسيا فيورنتينا

ڪۆد خضم مباشر

▬براندز▬فور▬ليس▬لس▬براندس▬ ← BF51",ar,x.com,6f10ec62c4dc21e882ed5582a682497bc0e32d74,2024-11-19T19:30:00.000Z,Entertainment,0.9980469,Manipulative,False
134755,"برايتون وهوف ألبيون فيرونا برايتون وهوف ألبيون أوتريخت جنوى

ڪۆد خضم مباشر

▬ألشمس▬وألرمأل▬و▬ألرمأل▬ ← ZZY25",ar,x.com,be103717b59dcb1a71d5b429b2f91acdad7eadde,2024-11-19T19:31:33.000Z,Sports,0.9980469,Manipulative,False
126080,"أياكس جيل فيسنتي بورتو

ڪۆد خضم مباشر

▬مٕستر▬مٕندوٕب▬ ← DSK",ar,x.com,dc0f4eb0cd1813a69b9b18bbaa059979c7adeac0,2024-11-19T19:29:15.000Z,Entertainment,0.9980469,Manipulative,False
130268,"الاتحاد أوساسونا فيتوريا غيمارايش

ڪۆد خضم مباشر

▬امريكان▬ايجل▬ايفل▬ ← MT3R",ar,x.com,8ff8406f757c8e6b31f3491f8d8c6cbe2e9d0f0b,2024-11-19T19:30:18.000Z,Technology,0.9980469,Manipulative,False
125607,"التعاون شالكه جيرونا

ڪۆد خضم مباشر

▬براندز▬فور▬ليس▬لس▬براندس▬ ← BF51",ar,x.com,3a55c036636a3cb423c6bdbc7a586a320b3426a3,2024-11-19T19:29:08.000Z,Entertainment,0.9980469,Manipulative,False
131544,"فورتونا سيتارد يوفنتوس كومو أتلتيكو مدريد كالياري

ڪۆد خضم مباشر

▬امريكان▬ايجل▬ايفل▬ ← ABCY",ar,x.com,653d4e2ec097a8f8af351aadebce002c37b70b95,2024-11-19T19:30:38.000Z,Entertainment,0.9980469,Manipulative,False
132367,"جنوى وولفرهامبتون واندررز مايوركا

ڪۆد خضم مباشر

▬لُفيُل▬شوُز▬لُيفُل▬لُيُفيُل▬ ← LEV11",ar,x.com,c5765f17ebf18002ee3352a26173d72252f2ff0c,2024-11-19T19:30:52.000Z,Politics,0.9980469,Manipulative,False
132289,"برايتون وهوف ألبيون الوحدة استوريل

ڪۆد خضم مباشر

▬مٕستر▬مٕندوٕب▬ ← DSK",ar,x.com,49197800dad186eabf3c0121553779140ed6834e,2024-11-19T19:30:52.000Z,Sports,0.9980469,Manipulative,False
129759,"الخليج إيفرتون باير ليفركوزن

ڪۆد خضم مباشر

▬رشؤف▬للعسل▬راشوف▬عسل▬ ← AS59",ar,x.com,2c1eac946186cabe16b118c97220b4f3d1ec4565,2024-11-19T19:30:10.000Z,Sports,0.9980469,Manipulative,False
132648,"وست هام يونايتد أروكا هيرتا برلين أفيس

ڪۆد خضم مباشر

▬اير▬الو▬ايرالو▬ ← CY10",ar,x.com,04586ba0029805200f583329ff87788482378700,2024-11-19T19:30:57.000Z,Entertainment,0.9980469,Manipulative,False
35086,"جيرونا توتنهام هوتسبر نانت

ڪۆد خضم مباشر

▬براندز▬فور▬ليس▬لس▬براندس▬ ← BF51",ar,x.com,2d85d258ab6023dd351dc2f3b6c886a57ccf377e,2024-11-19T19:07:39.000Z,Entertainment,0.9980469,Manipulative,False
34826,"النصر كازا بيا الخليج جيل فيسنتي ضمك

ڪۆد خضم مباشر

▬بشرة▬كير▬بشره▬ ← A77",ar,x.com,caeccc32f6e08d808cc0262d8b04667aa895796e,2024-11-19T19:07:35.000Z,People,0.9980469,Manipulative,False
35022,"فيرونا سانتا كلارا يوفنتوس

ڪۆد خضم مباشر

▬براندز▬فور▬ليس▬لس▬براندس▬ ← BF51",ar,x.com,9eac0b6dc80a261a1ae77cfadbc24a5f547085d9,2024-11-19T19:07:38.000Z,Entertainment,0.9980469,Manipulative,False
39683,"ناسيونال نانت ألافيس

ڪۆد خضم مباشر

▬صن▬أند▬سأند▬ ← ZZY25",ar,x.com,d3d66a01c684d58ff8cb34110177b1081a909388,2024-11-19T19:08:40.000Z,Sports,0.9980469,Manipulative,False
42642,"سبارتا روتردام مايوركا هيراكليس

ڪۆد خضم مباشر

▬امريكان▬ايجل▬ايفل▬ ← MT3R",ar,x.com,37cbb076baa9ba7a05a81a1c20bea98439710710,2024-11-19T19:09:20.000Z,Politics,0.9980469,Manipulative,False
51265,"بنفيكا فيتوريا غيمارايش إن إي سي نيميغن

ڪۆد خضم مباشر

▬رشؤف▬للعسل▬راشوف▬عسل▬ ← AS59",ar,x.com,454c920906e71487b01c58f48983830200c16eae,2024-11-19T19:11:13.000Z,Sports,0.9980469,Manipulative,False
11713,"غرونينغن سبارتا روتردام إمبولي ليفربول ستراسبورغ هيرنفين

ڪۆد خضم مباشر

▬إيهٮرب▬ ← CNU3074",ar,x.com,b34e6852dfc57a38fdf638762c25154929905538,2024-11-19T19:02:25.000Z,Sports,0.9980469,Manipulative,False
6701,"ماينز إسبانيول بوروسيا دورتموند إيفرتون وولفرهامبتون واندررز

ڪۆد خضم مباشر

▬خيؤط▬الزعفران▬ ← AA75",ar,x.com,cd85eae830227802dad82a82d93544617b79b3af,2024-11-19T19:01:18.000Z,Sports,0.9980469,Manipulative,False
20767,"الاتحاد فولفسبورغ تولوز أياكس ألافيس

ڪۆد خضم مباشر

▬نايس▬ستور▬ ← SUM5",ar,x.com,99b0e4a97bd1a5a2ab559c90b11e0aa86e9cdcd4,2024-11-19T19:04:30.000Z,Technology,0.9980469,Manipulative,False
47383,"باير ليفركوزن أودينيزي موناكو سبورتينغ براغا ميلان

ڪۆد خضم مباشر

▬إيهٮرب▬ ← CNU3074",ar,x.com,b34e6852dfc57a38fdf638762c25154929905538,2024-11-19T19:10:22.000Z,Sports,0.9980469,Manipulative,False
54133,"$HODL PRESALE LIVE! 

FOLLOW AND SEE PROFILE FOR MORE INFO 

FIRST 100 WALLETS GET AIRDROP 

$PEPE $WIF $LINK $MOG $NEIRO $TURBO $SPX $CRV $ZIG $PAAL $BONK $SHIB $DOGE",en,x.com,a687437a9d27110b9f8dfc61a6467006e431de26,2024-11-19T19:11:49.000Z,Cryptocurrency,0.9980469,Manipulative,False
54232,"إستريلا دا أمادورا تشيلسي ألميري سيتي سيلتا فيغو

ڪۆد خضم مباشر

▬اير▬الو▬ايرالو▬ ← CY10",ar,x.com,e3337261a89546a358fd6617c7f8ed785a0719aa,2024-11-19T19:11:50.000Z,Sports,0.9980469,Manipulative,False
50170,"لوهافر تفينتي ريمس أونيون برلين الشباب

ڪۆد خضم مباشر

▬ڪاردىال▬ ← M63",ar,x.com,c0b546e6527bc57833e04cf0a75391df0537e2f6,2024-11-19T19:10:58.000Z,Entertainment,0.9980469,Manipulative,False
47588,"فيليم الثاني جنوى نيوكاسل يونايتد آينتراخت فرانكفورت تفينتي

ڪۆد خضم مباشر

▬عود▬ميلان▬ميلانو▬ ← S92",ar,x.com,d85795df72d0b386e031a0adb2e6c8f1f43022d0,2024-11-19T19:10:25.000Z,Law,0.9980469,Manipulative,False
6875,"ريو آفي نانت أي زد ألكمار ألافيس نانت

ڪۆد خضم مباشر

▬ايا▬كلين▬ ← SA58",ar,x.com,02a072c918621e54d51a9594ecc7ccb223001898,2024-11-19T19:01:21.000Z,Entertainment,0.9980469,Manipulative,False
6813,"بورنموث أي زد ألكمار لاتسيو

ڪۆد خضم مباشر

▬فىرست▬فرستكراى▬ ← AFH3",ar,x.com,0c449872be0aba551213794e93adc0cc8de7ecc3,2024-11-19T19:01:20.000Z,Politics,0.9980469,Manipulative,False
49852,"أرسنال لاتسيو التعاون

ڪۆد خضم مباشر

▬صن▬أند▬سأند▬ ← ZZY25",ar,x.com,58aab5d8dcddfd77687cc264339437b1579ae445,2024-11-19T19:10:54.000Z,Sports,0.9980469,Manipulative,False
49896,"النصر آينتراخت فرانكفورت شالكه أتلتيك بلباو ستراسبورغ

ڪۆد خضم مباشر

▬خيؤط▬الزعفران▬ ← AA75",ar,x.com,8c96b7c504f21213558c1093f404cfd95454edcf,2024-11-19T19:10:55.000Z,Politics,0.9980469,Manipulative,False
63918,"الفتح أستون فيلا لاس بالماس

ڪۆد خضم مباشر

▬براندز▬فور▬ليس▬لس▬براندس▬ ← BF51",ar,x.com,cb5022e9e37357e4b8a18bcae1136cf1aeef3905,2024-11-19T19:13:56.000Z,Entertainment,0.9980469,Manipulative,False
63753,"فالنسيا فيتوريا غيمارايش أتالانتا

ڪۆد خضم مباشر

▬براندز▬فور▬ليس▬لس▬براندس▬ ← BF51",ar,x.com,8febfe44d5338296887fff06faa90542967f4e2c,2024-11-19T19:13:54.000Z,Sports,0.9980469,Manipulative,False
58753,"أتلتيك بلباو الفتح فاماليكاو ألافيس ميلان

ڪۆد خضم مباشر

▬نايس▬ستور▬ ← SUM5",ar,x.com,faea1ccf9eb2e4c687e84cfb654ea5b32a769bb5,2024-11-19T19:12:47.000Z,Sports,0.9980469,Manipulative,False
49289,"خيتافي أتالانتا كولن

ڪۆد خضم مباشر

▬رشؤف▬للعسل▬راشوف▬عسل▬ ← AS59",ar,x.com,9a0402629d92cd2f06417ef2735634665472fe3e,2024-11-19T19:10:46.000Z,Sports,0.9980469,Manipulative,False
28220,"غرونينغن الباطن مونزا ريال بيتيس أياكس

ڪۆد خضم مباشر

▬باث▬اند▬بدي▬ ← A4TU",ar,x.com,25562fdf14ebeb7f05bd5cc52642c67bdc2f364b,2024-11-19T19:06:10.000Z,People,0.9980469,Manipulative,False
31118,"جيل فيسنتي فاماليكاو موناكو

ڪۆد خضم مباشر

▬براندز▬فور▬ليس▬لس▬براندس▬ ← BF51",ar,x.com,11618e2929adfddd6297cb6b95a8a16a91788396,2024-11-19T19:06:48.000Z,Entertainment,0.9980469,Manipulative,False
31115,"فورتونا سيتارد أروكا موريرينسي

ڪۆد خضم مباشر

▬براندز▬فور▬ليس▬لس▬براندس▬ ← BF51",ar,x.com,24131286134bd45b82342d659e631a72616f39d9,2024-11-19T19:06:48.000Z,Entertainment,0.9980469,Manipulative,False
54732,"فولهام سانتا كلارا هوفنهايم

ڪۆد خضم مباشر

▬براندز▬فور▬ليس▬لس▬براندس▬ ← BF51",ar,x.com,a972c136777ce1dabc6773542bfa22dc49452b92,2024-11-19T19:11:57.000Z,Entertainment,0.9980469,Manipulative,False
33264,"لايبزيج الاتحاد سبارتا روتردام

ڪۆد خضم مباشر

▬براندز▬فور▬ليس▬لس▬براندس▬ ← BF51",ar,x.com,579543e255c570c06a982eb968c34c8aa9114483,2024-11-19T19:07:14.000Z,Entertainment,0.9980469,Manipulative,False
33249,"مايوركا كازا بيا أونيون برلين

ڪۆد خضم مباشر

▬براندز▬فور▬ليس▬لس▬براندس▬ ← BF51",ar,x.com,de2809837e667f0b8a659a538fcf67e532d1e598,2024-11-19T19:07:14.000Z,Entertainment,0.9980469,Manipulative,False
31005,"إبسويتش تاون تولوز ليفربول

ڪۆد خضم مباشر

▬صن▬أند▬سأند▬ ← ZZY25",ar,x.com,58bf0871c506ca172b9ddec4a1b3c2be80af11d8,2024-11-19T19:06:46.000Z,Technology,0.9980469,Manipulative,False
25769,"ستراسبورغ ماينز أي زد ألكمار

ڪۆد خضم مباشر

▬براندز▬فور▬ليس▬لس▬براندس▬ ← BF51",ar,x.com,3afb2a0d2ac8d7ca065fac9eb7145a50c55e1b3b,2024-11-19T19:05:38.000Z,Entertainment,0.9980469,Manipulative,False
44830,"باريس سان جيرمان تولوز أفيس بلد الوليد أتالانتا

ڪۆد خضم مباشر

▬ان▬هاوس▬انهاوس▬ ← C64",ar,x.com,b6d94aeabc2b59bd690ef0209aaee21f07857861,2024-11-19T19:09:49.000Z,Sports,0.9980469,Manipulative,False
36587,"التعاون هيرتا برلين إمبولي

ڪۆد خضم مباشر

▬امريكان▬ايجل▬ايفل▬ ← MT3R",ar,x.com,99438ade419ec7b9a63c8e238ca0fe9062da65ad,2024-11-19T19:07:58.000Z,Technology,0.9980469,Manipulative,False
62420,"بوروسيا دورتموند جيرونا برايتون وهوف ألبيون تفينتي سانت إتيان

ڪۆد خضم مباشر

▬باث▬اند▬بدي▬ ← A4TU",ar,x.com,43a2e94666827fe18a4fa1a26a95f6c816ce3056,2024-11-19T19:13:36.000Z,Entertainment,0.9980469,Manipulative,False
61861,"نيس نانت فينورد بايرن ميونخ الاتحاد

ڪۆد خضم مباشر

▬ألشمس▬وألرمأل▬و▬ألرمأل▬ ← ZZY25",ar,x.com,1e81e0acfb2b98b282c2b4376ed724c09c49c7e4,2024-11-19T19:13:29.000Z,Business,0.9980469,Manipulative,False
32407,"أستون فيلا فورتونا سيتارد أتلتيكو مدريد أنجيه بوروسيا مونشنغلادباخ

ڪۆد خضم مباشر

▬بلؤمنج▬بلؤمنغ▬ؤير▬ ← B39",ar,x.com,d39e5e9809afac5297baf58ba4fd791b1cbaa5e4,2024-11-19T19:07:03.000Z,Sports,0.9980469,Manipulative,False
12314,"ليتشي هوفنهايم بولونيا ريو آفي آر كي سي فالفيك

ڪۆد خضم مباشر

▬مذر▬كىر▬مذركىر▬ ← AWBZS",ar,x.com,f7217d5d737b61548b3f64329d783b6a10e2902c,2024-11-19T19:02:33.000Z,Science,0.9980469,Manipulative,False
8257,"فيردر بريمن فينيسيا هوفنهايم سانت إتيان نانت

ڪۆد خضم مباشر

▬نايس▬ستور▬ ← SUM5",ar,x.com,0e1869e0499ce4f98030367f9b25682f605c6841,2024-11-19T19:01:39.000Z,Environment,0.9980469,Manipulative,False
41999,"لاتسيو برايتون وهوف ألبيون لوهافر

ڪۆد خضم مباشر

▬صن▬أند▬سأند▬ ← ZZY25",ar,x.com,44481147f13ea09a84082085b971926c50a5313b,2024-11-19T19:09:12.000Z,Sports,0.9980469,Manipulative,False
51889,"بولونيا لانس بلد الوليد آر كي سي فالفيك

ڪۆد خضم مباشر

▬ايسيفن▬ايسفن▬اي▬سفن▬ ← JOR25",ar,x.com,aa73fceb9322434609ccddcdb84cefd9cf18e589,2024-11-19T19:11:20.000Z,Politics,0.9980469,Manipulative,False
47579,"جيل فيسنتي النصر ناك بريدا مانشستر يونايتد هيراكليس

ڪۆد خضم مباشر

▬عود▬ميلان▬ميلانو▬ ← S92",ar,x.com,ecacbcd1f22c4d8ee487f475449abc89921631da,2024-11-19T19:10:24.000Z,Sports,0.9980469,Manipulative,False
47376,"جيل فيسنتي أوتريخت بايرن ميونخ

ڪۆد خضم مباشر

▬براندز▬فور▬ليس▬لس▬براندس▬ ← BF51",ar,x.com,ee04cc43e033b7fc0d1b1d0efe4143108df51c10,2024-11-19T19:10:22.000Z,Entertainment,0.9980469,Manipulative,False
42993,"ليغانيس النصر بلد الوليد

ڪۆد خضم مباشر

▬رشؤف▬للعسل▬راشوف▬عسل▬ ← AS59",ar,x.com,50e7d91ebb10fcf421ca484cf099595befa2ddc0,2024-11-19T19:09:25.000Z,Politics,0.9980469,Manipulative,False
44574,"النصر ماينز فالنسيا بولونيا أتلتيك بلباو

ڪۆد خضم مباشر

⎐فرست▬كراى⎐▬فيرستكراى▬ ← AFH3",ar,x.com,a6c7f691c24b260b3605a571a89f144f0e1c0fea,2024-11-19T19:09:45.000Z,Entertainment,0.9980469,Manipulative,False
38819,"بي إي سي زفوله ماينز ناك بريدا خيتافي هيرنفين

ڪۆد خضم مباشر

▬ألشمس▬وألرمأل▬و▬ألرمأل▬ ← ZZY25",ar,x.com,936da5625c46d9a5a3f35da2dd9c4024de8ca1ce,2024-11-19T19:08:29.000Z,People,0.9980469,Manipulative,False
39559,"فالنسيا باير ليفركوزن بولونيا كالياري

ڪۆد خضم مباشر

▬ايسيفن▬ايسفن▬اي▬سفن▬ ← JOR25",ar,x.com,475c35867249f17a5b8ba69be7bcf46174423d92,2024-11-19T19:08:39.000Z,Politics,0.9980469,Manipulative,False
39294,"إيفرتون مانشستر يونايتد إيفرتون

ڪۆد خضم مباشر

▬صن▬أند▬سأند▬ ← ZZY25",ar,x.com,2363e1c62ef1cac12c6126fb31bfed2378418a69,2024-11-19T19:08:35.000Z,Sports,0.9980469,Manipulative,False
45381,"فاماليكاو بوروسيا مونشنغلادباخ موريرينسي

ڪۆد خضم مباشر

▬سىفى▬ ← SUU48",ar,x.com,468a9ee50b2c0f141524c31aca831985e70f6deb,2024-11-19T19:09:57.000Z,Sports,0.9980469,Manipulative,False
48089,"أرسنال مارسيليا تفينتي

ڪۆد خضم مباشر

▬رشؤف▬للعسل▬راشوف▬عسل▬ ← AS59",ar,x.com,b956eb35d4b1248544dbb1c342dfc9de758ba3ae,2024-11-19T19:10:31.000Z,Sports,0.9980469,Manipulative,False
63752,"ليفربول هيرتا برلين أروكا

ڪۆد خضم مباشر

▬براندز▬فور▬ليس▬لس▬براندس▬ ← BF51",ar,x.com,bf7443ff139ef6973a2bfe5022a3411e12aa1ad9,2024-11-19T19:13:54.000Z,Sports,0.9980469,Manipulative,False
63729,"بي إس في بي إي سي زفوله ريمس

ڪۆد خضم مباشر

▬براندز▬فور▬ليس▬لس▬براندس▬ ← BF51",ar,x.com,7aaf68cafca3ac2aa30e06747341984971c23fbb,2024-11-19T19:13:53.000Z,Entertainment,0.9980469,Manipulative,False
53120,"هوفنهايم جنوى شتوتغارت فولفسبورغ

ڪۆد خضم مباشر

▬اير▬الو▬ايرالو▬ ← CY10",ar,x.com,6b3f08e327f2ebbfc80ca99a540461a6b1daf953,2024-11-19T19:11:36.000Z,Technology,0.9980469,Manipulative,False
53100,"ليستر سيتي الخليج فينيسيا ماينز مايوركا

ڪۆد خضم مباشر

▬نايس▬ستور▬ ← SUM5",ar,x.com,0d40de97e8d40b5e0bfc324f6b2de00aa2dde149,2024-11-19T19:11:36.000Z,Environment,0.9980469,Manipulative,False
28603,"هيرنفين ناسيونال موناكو

ڪۆد خضم مباشر

▬براندز▬فور▬ليس▬لس▬براندس▬ ← BF51",ar,x.com,4ae8ac714b6adfe3baf0fbd6f419ca2775ae335b,2024-11-19T19:06:15.000Z,Sports,0.9980469,Manipulative,False
59577,"أتالانتا غرونينغن بي إس في فيتوريا غيمارايش أنجيه

ڪۆد خضم مباشر

▬بلؤمنج▬بلؤمنغ▬ؤير▬ ← B39",ar,x.com,59a2387de41871ad4eeae4c0bc3a49c645c76492,2024-11-19T19:12:58.000Z,Sports,0.9980469,Manipulative,False
53552,"إستريلا دا أمادورا إنتر ميلان أرسنال الحزم

▬نمشؾ▬
◗CX10◖

▬ٺون▬
◗SAAS◖",ar,x.com,fddb5e24d7e206c9e6eb782d319595f4373852f6,2024-11-19T19:11:41.000Z,Sports,0.9980469,Manipulative,False
45207,"استوريل جيرونا أوتريخت بريست باريس سان جيرمان

ڪۆد خضم مباشر

▬أتش▬أند▬أم▬ ← ACY7",ar,x.com,70550571ddbed6853b45c51c5514e5274c2d1317,2024-11-19T19:09:54.000Z,Sports,0.9980469,Manipulative,False
49025,"فياريال أفيس فاماليكاو بولونيا كولن

ڪۆد خضم مباشر

▬نايس▬ستور▬ ← SUM5",ar,x.com,8d9cc375411f306717a690b6b1fb576f563fb68e,2024-11-19T19:10:43.000Z,Entertainment,0.9980469,Manipulative,False
61062,"كومو لاتسيو إسبانيول التعاون جيل فيسنتي

ڪۆد خضم مباشر

▬مذر▬كىر▬مذركىر▬ ← AWBZS",ar,x.com,398b4cb6db95f43be34321831b73284772ad4485,2024-11-19T19:13:17.000Z,Technology,0.9980469,Manipulative,False
61057,"Join now for high-return strategies that deliver! 

http://successful-signals.live

$DOT $KSM $ETH $BNB $XRP $DOGE $LTC $LINK $CAKE $HOT $ONE $ENJ $NANO $DGB",en,x.com,0c1005dd7fa71dc925c7dcd2a6f81df8f56777f6,2024-11-19T19:13:17.000Z,Cryptocurrency,0.9980469,Manipulative,False
55532,"ناك بريدا التعاون أياكس

ڪۆد خضم مباشر

▬براندز▬فور▬ليس▬لس▬براندس▬ ← BF51",ar,x.com,921c022b2109c1a4150d5921c49e32636578c19d,2024-11-19T19:12:07.000Z,Entertainment,0.9980469,Manipulative,False
57576,"بلد الوليد نوتنغهام فورست خيتافي

ڪۆد خضم مباشر

▬مٕستر▬مٕندوٕب▬ ← DSK",ar,x.com,cdfd392fe21f0936c601d7e8ee8fb8b703b76b9f,2024-11-19T19:12:32.000Z,Entertainment,0.9980469,Manipulative,False
57435,"أرسنال أي زد ألكمار أفيس غرونينغن

▬نمشؾ▬
◗CX10◖

▬ٺون▬
◗SAAS◖",ar,x.com,b32682c62265e4078ff5246be86d419f976a9780,2024-11-19T19:12:30.000Z,Sports,0.9980469,Manipulative,False
61811,"برايتون وهوف ألبيون التعاون شالكه

ڪۆد خضم مباشر

▬بان▬هوم▬ ← KSA",ar,x.com,1af0b87276803f902406afdeb386159f3d705bb5,2024-11-19T19:13:28.000Z,Sports,0.9980469,Manipulative,False
62651,"شالكه سبورتينغ براغا باير ليفركوزن

ڪۆد خضم مباشر

▬رشؤف▬للعسل▬راشوف▬عسل▬ ← AS59",ar,x.com,d724ea45dcd36c0bff47a29ecf92240c4562bef7,2024-11-19T19:13:39.000Z,Sports,0.9980469,Manipulative,False
27833,"الشباب أياكس فيرونا هيراكليس

ڪۆد خضم مباشر

▬باث▬اند▬بوٕدي▬ ← A4TU",ar,x.com,5860c067733823e31ecfb9bccbd66f962dda665b,2024-11-19T19:06:05.000Z,Entertainment,0.9980469,Manipulative,False
27903,"هيراكليس لايبزيج برايتون وهوف ألبيون

ڪۆد خضم مباشر

▬براندز▬فور▬ليس▬لس▬براندس▬ ← BF51",ar,x.com,81b50f32c65936052c6264dd62adead80eb91a99,2024-11-19T19:06:06.000Z,Entertainment,0.9980469,Manipulative,False
83489,"فورتونا سيتارد لانس برايتون وهوف ألبيون الاتحاد الفتح

ڪۆد خضم مباشر

▬نايس▬ستور▬ ← SUM5",ar,x.com,a4ef7d093df2e09dc0b1c687b2872e306854ade8,2024-11-19T19:18:26.000Z,Sports,0.9980469,Manipulative,False
83587,"بلد الوليد كريستال بالاس برينتفورد

ڪۆد خضم مباشر

▬لُفيُل▬شوُز▬لُيفُل▬لُيُفيُل▬ ← LEV11",ar,x.com,0949fdd55d27205e2dd0c3f96148bf3c071570d6,2024-11-19T19:18:28.000Z,Health,0.9980469,Manipulative,False
75210,"ليتشي فينيسيا ريمس

ڪۆد خضم مباشر

▬امريكان▬ايجل▬ايفل▬ ← MT3R",ar,x.com,b956eb35d4b1248544dbb1c342dfc9de758ba3ae,2024-11-19T19:16:31.000Z,Entertainment,0.9980469,Manipulative,False
6908,"رايو فاييكانو إن إي سي نيميغن هيرتا برلين ماينز

ڪۆد خضم مباشر

▬باث▬اند▬بوٕدي▬ ← A4TU",ar,x.com,5baeb9584fe0b1194cf4a34fe90b8e2f4cd6e3bd,2024-11-19T19:01:21.000Z,Entertainment,0.9980469,Manipulative,False
38240,"نوتنغهام فورست إن إي سي نيميغن كالياري موناكو أنجيه

ڪۆد خضم مباشر

▬ايا▬كلين▬ ← SA58",ar,x.com,7646a55ca5594e302f784c6991208c9b9b7e45ae,2024-11-19T19:08:21.000Z,Entertainment,0.9980469,Manipulative,False
38267,"أوساسونا ناسيونال تفينتي فيتوريا غيمارايش رايو فاييكانو

ڪۆد خضم مباشر

▬ماماز▬اند▬باباز▬ ← DF60",ar,x.com,c2ff22748f7d7f0952d44fc7c9ec12bb48704bf0,2024-11-19T19:08:21.000Z,Social,0.9980469,Manipulative,False
38318,"مونزا مانشستر يونايتد بوروسيا مونشنغلادباخ لانس

ڪۆد خضم مباشر

▬ايسيفن▬ايسفن▬اي▬سفن▬ ← JOR25",ar,x.com,45beb42dba8360363771402e30c52d7ce1466aec,2024-11-19T19:08:21.000Z,Sports,0.9980469,Manipulative,False
11273,"إن إي سي نيميغن التعاون الفتح يوفنتوس الفتح

ڪۆد خضم مباشر

▬بلؤمنج▬بلؤمنغ▬ؤير▬ ← B39",ar,x.com,2363e1c62ef1cac12c6126fb31bfed2378418a69,2024-11-19T19:02:18.000Z,People,0.9980469,Manipulative,False
11245,"كومو إبسويتش تاون هيراكليس لاس بالماس ريال سوسيداد

ڪۆد خضم مباشر

▬ان▬هاوس▬انهاوس▬ ← C64",ar,x.com,073708a792bc73c6878d1b7d407bbc990dba9763,2024-11-19T19:02:18.000Z,Entertainment,0.9980469,Manipulative,False
10397,"جيل فيسنتي توتنهام هوتسبر بوروسيا مونشنغلادباخ ناك بريدا

▬نمشؾ▬
◗CX10◖

▬ٺون▬
◗SAAS◖",ar,x.com,6d49cc478426c546b0544b45e9d6f7ba1c54af28,2024-11-19T19:02:07.000Z,Environment,0.9980469,Manipulative,False
64833,"أوكسير بنفيكا أروكا

ڪۆد خضم مباشر

▬براندز▬فور▬ليس▬لس▬براندس▬ ← BF51",ar,x.com,920d26caba6db93e6dfc7a5529a261aeac38ba04,2024-11-19T19:14:09.000Z,Entertainment,0.9980469,Manipulative,False
63809,"نابولي غرونينغن بوروسيا دورتموند

ڪۆد خضم مباشر

▬براندز▬فور▬ليس▬لس▬براندس▬ ← BF51",ar,x.com,64ee28d007f757c474966108920346cc58cfba5d,2024-11-19T19:13:54.000Z,Entertainment,0.9980469,Manipulative,False
56922,"لوهافر أستون فيلا أياكس ليون ميلان

ڪۆد خضم مباشر

▬بشرة▬كير▬بشره▬ ← A77",ar,x.com,265c54393417823a2b1d77f08e16b1128d68e6ee,2024-11-19T19:12:23.000Z,People,0.9980469,Manipulative,False
63677,"فولهام أونيون برلين هوفنهايم

ڪۆد خضم مباشر

▬براندز▬فور▬ليس▬لس▬براندس▬ ← BF51",ar,x.com,f402ca59ad18734e14204c44eb6c94ae04a10f9f,2024-11-19T19:13:52.000Z,Entertainment,0.9980469,Manipulative,False
59335,"فورتونا سيتارد ضمك نورنبيرغ إسبانيول

ڪۆد خضم مباشر

▬ايسيفن▬ايسفن▬اي▬سفن▬ ← JOR25",ar,x.com,7fc9800cf7c1a9089caac89f14e7ec759bfca2b6,2024-11-19T19:12:55.000Z,Politics,0.9980469,Manipulative,False
46122,"يوفنتوس رايو فاييكانو إبسويتش تاون فيرونا

ڪۆد خضم مباشر

▬بأرىس▬غألىرى▬جألىرى▬ ← AA26",ar,x.com,e3337261a89546a358fd6617c7f8ed785a0719aa,2024-11-19T19:10:06.000Z,Investing,0.9980469,Manipulative,False
85329,"مونبلييه أونيون برلين مانشستر يونايتد

ڪۆد خضم مباشر

▬صن▬أند▬سأند▬ ← ZZY25",ar,x.com,731ac6d95106ad948da187fcfacb093ec8a132d4,2024-11-19T19:18:52.000Z,Sports,0.9980469,Manipulative,False
93880,"إيفرتون غو أهيد إيغلز ماينز

ڪۆد خضم مباشر

▬فىرست▬فرستكراى▬ ← AFH3",ar,x.com,a4b497464025c7dfc2654ac392f1a66e9a7ef2b6,2024-11-19T19:21:01.000Z,Sports,0.9980469,Manipulative,False
89262,"ليون إن إي سي نيميغن تشيلسي لاتسيو ليون

ڪۆد خضم مباشر

▬ان▬هاوس▬انهاوس▬ ← C64",ar,x.com,aed6d52d671a03ff2106c26f323b99093836f202,2024-11-19T19:19:48.000Z,Entertainment,0.9980469,Manipulative,False
28586,"ليتشي الرائد روما

ڪۆد خضم مباشر

▬براندز▬فور▬ليس▬لس▬براندس▬ ← BF51",ar,x.com,40f51dd9414a0263d28c8a6449b7649f7d26cb3b,2024-11-19T19:06:15.000Z,Entertainment,0.9980469,Manipulative,False
59745,"Just Rolling! $SINT hit our TARGET after our analyst called the entry  , securing our FREE trial members a 57 % PROFIT ! Join us today !  - https://discord.gg/BtQcahCE5T - Take the leap! $LCID $HCWB $SQQQ $SMCI $PLTR $TSLA $APLM $ATCH $NVDA $SOXL",en,x.com,23dab0629e19b877358e378daea77adc94c75834,2024-11-19T19:13:00.000Z,Cryptocurrency,0.9980469,Manipulative,False
56170,"الحزم ليون سبورتينغ لشبونة هيراكليس فيردر بريمن

ڪۆد خضم مباشر

▬ألسىف▬هوم▬ ← SH090",ar,x.com,698fe036b00827755a3776423af0f49bf2364de8,2024-11-19T19:12:15.000Z,Sports,0.9980469,Manipulative,False
59159,"ليل ناك بريدا أونيون برلين توتنهام هوتسبر كومو

ڪۆد خضم مباشر

▬ألشمس▬وألرمأل▬و▬ألرمأل▬ ← ZZY25",ar,x.com,ed00d2bdd6b4a4d8de3e81a2a7beb20a8cb26159,2024-11-19T19:12:52.000Z,Entertainment,0.9980469,Manipulative,False
74486,"بي إس في بورتو فيتوريا غيمارايش ليتشي

ڪۆد خضم مباشر

▬باث▬اند▬بوٕدي▬ ← A4TU",ar,x.com,38af7660f805161c5b51b246835178b1da8c2804,2024-11-19T19:16:22.000Z,Entertainment,0.9980469,Manipulative,False
74400,"برايتون وهوف ألبيون ليتشي فيردر بريمن

ڪۆد خضم مباشر

▬فلاي▬ان▬ ← ABC559",ar,x.com,5509dca70a5b28e219430e25d6108ccbf445c24c,2024-11-19T19:16:21.000Z,Sports,0.9980469,Manipulative,False
64899,"كولن روما النصر النصر ضمك

ڪۆد خضم مباشر

▬بشرة▬كير▬بشره▬ ← A77",ar,x.com,caeccc32f6e08d808cc0262d8b04667aa895796e,2024-11-19T19:14:10.000Z,Politics,0.9980469,Manipulative,False
23480,"ريو آفي إمبولي برينتفورد بي إي سي زفوله ناسيونال

ڪۆد خضم مباشر

▬مذر▬كىر▬مذركىر▬ ← AWBZS",ar,x.com,2363e1c62ef1cac12c6126fb31bfed2378418a69,2024-11-19T19:05:06.000Z,Entertainment,0.9980469,Manipulative,False
24819,"فيورنتينا أروكا ستراسبورغ مايوركا إسبانيول فورتونا سيتارد

ڪۆد خضم مباشر

▬إيهٮرب▬ ← CNU3074",ar,x.com,b34e6852dfc57a38fdf638762c25154929905538,2024-11-19T19:05:25.000Z,Entertainment,0.9980469,Manipulative,False
15677,"Get access to top-tier trading signals and start winning today! 

http://successful-signals.live

$SOL $UMA $TIA $TRB $XAI $SEI $LINK $XRP $BTC $ETH $BNB $ARB $MANTA $MATIC $SUI $OP $SAND $ONDO $WIF $MEME $MAGIC $MYRO $FLOW $VMINT $ONDO",en,x.com,bdf2a4d04a87b94d970e2b437de5dec134811bd4,2024-11-19T19:03:19.000Z,Cryptocurrency,0.9980469,Manipulative,False
22254,"أروكا فياريال مونبلييه فينورد باريس سان جيرمان

ڪۆد خضم مباشر

▬نايس▬ستور▬ ← SUM5",ar,x.com,37152a1cc2251858d3bc96e85bb0b9f6ab297fc3,2024-11-19T19:04:49.000Z,Entertainment,0.9980469,Manipulative,False
77502,"Hold $ASTRA and join the exclusive $FUXE airdrop party!  6% of $FUXE just for you—it's time to take your crypto game to the next level! 

 $BTC $ETH $TON $ONDO $FLOKI $BONK $PEPE  $OP $AXL $GRT $IMX $MKR $INJ $VET $SUI $FDUSD $AR $RON $BGB $FTM $THETA $BRETT $RUNE $JASMY",en,x.com,6228efa674da92e19efbfb3b25804b736858b580,2024-11-19T19:17:02.000Z,Cryptocurrency,0.9980469,Manipulative,False
77487,"أفيس شتوتغارت وولفرهامبتون واندررز

ڪۆد خضم مباشر

▬بلؤمنغدَىلز▬بلؤمينغدَىلز▬ ← X59",ar,x.com,bcd71a8434f7aba04c9e109cf493ef97f7457d7a,2024-11-19T19:17:02.000Z,Entertainment,0.9980469,Manipulative,False
75554,"فيردر بريمن بورنموث ألميري سيتي برايتون وهوف ألبيون موناكو

ڪۆد خضم مباشر

▬مذر▬كىر▬مذركىر▬ ← AWBZS",ar,x.com,962cd908d8c6382717f06be1f1d897f0440dd28f,2024-11-19T19:16:36.000Z,Sports,0.9980469,Manipulative,False
79254,"الاتفاق ليل سبورتينغ لشبونة

ڪۆد خضم مباشر

▬براندز▬فور▬ليس▬لس▬براندس▬ ← BF51",ar,x.com,6034984520baa0ac1830b744f1556a4d57eb1949,2024-11-19T19:17:27.000Z,Business,0.9980469,Manipulative,False
79977,"كالياري الفتح بورنموث

ڪۆد خضم مباشر

▬فلاي▬ان▬ ← ABC559",ar,x.com,e6d9e6f3abaffabbb759d6dfbd08ef21d0d76ceb,2024-11-19T19:17:37.000Z,Sports,0.9980469,Manipulative,False
78874,"الخليج برايتون وهوف ألبيون فيورنتينا كريستال بالاس ناسيونال

ڪۆد خضم مباشر

▬امريكان▬ايجل▬ايفل▬ ← ABCY",ar,x.com,9a0402629d92cd2f06417ef2735634665472fe3e,2024-11-19T19:17:21.000Z,Sports,0.9980469,Manipulative,False
13115,"أونيون برلين فينورد الحزم فورتونا سيتارد الأهلي

ڪۆد خضم مباشر

▬ألسىف▬هوم▬ ← SH090",ar,x.com,3852d31b8fe5b1849d98097373d3616b0d9265f9,2024-11-19T19:02:43.000Z,Politics,0.9980469,Manipulative,False
12778,"أوكسير نورنبيرغ فاماليكاو الفيحاء

ڪۆد خضم مباشر

▬بأرىس▬غألىرى▬جألىرى▬ ← AA26",ar,x.com,2363e1c62ef1cac12c6126fb31bfed2378418a69,2024-11-19T19:02:39.000Z,Entertainment,0.9980469,Manipulative,False
5482,"يوفنتوس الخليج النصر بولونيا ريال بيتيس

ڪۆد خضم مباشر

▬ان▬هاوس▬انهاوس▬ ← C64",ar,x.com,caeccc32f6e08d808cc0262d8b04667aa895796e,2024-11-19T19:01:02.000Z,Sports,0.9980469,Manipulative,False
29293,"ليون بي إي سي زفوله سانت إتيان نابولي سبارتا روتردام

ڪۆد خضم مباشر

▬ايا▬كلين▬ ← SA58",ar,x.com,f531ff15ac9515f390273343b5e0b21fa54f73cb,2024-11-19T19:06:24.000Z,Entertainment,0.9980469,Manipulative,False
29186,"مارسيليا أي زد ألكمار سانتا كلارا ساوثهامبتون إن إي سي نيميغن

ڪۆد خضم مباشر

▬تُيموُ▬ ← acs678251",ar,x.com,01047795082bb39048257898014029494a62264a,2024-11-19T19:06:23.000Z,Sports,0.9980469,Manipulative,False
29294,"مونزا فالنسيا مونزا فارينسي بي إي سي زفوله فيتوريا غيمارايش

ڪۆد خضم مباشر

▬إيهٮرب▬ ← CNU3074",ar,x.com,b34e6852dfc57a38fdf638762c25154929905538,2024-11-19T19:06:24.000Z,Sports,0.9980469,Manipulative,False
31714,"أي زد ألكمار ماينز تفينتي استوريل

ڪۆد خضم مباشر

▬بأرىس▬غألىرى▬جألىرى▬ ← AA26",ar,x.com,63711f2c4b58a01fa51c6d9de8c66f3348961abe,2024-11-19T19:06:55.000Z,Social,0.9980469,Manipulative,False
29235,"شتوتغارت أي زد ألكمار بي إس في

ڪۆد خضم مباشر

▬بان▬هوم▬ ← KSA",ar,x.com,cf42e64f531d1c512b1b53e4fb7d7b6ed1846624,2024-11-19T19:06:23.000Z,Technology,0.9980469,Manipulative,False
57385,"توتنهام هوتسبر ليل كازا بيا الفيحاء سبارتا روتردام

ڪۆد خضم مباشر

▬مذر▬كىر▬مذركىر▬ ← AWBZS",ar,x.com,9cf0b769fd6918cedc4526de1bc41256208bab86,2024-11-19T19:12:30.000Z,Entertainment,0.9980469,Manipulative,False
60098,"مارسيليا أونيون برلين ليغانيس مانشستر سيتي الوحدة

ڪۆد خضم مباشر

▬ألسىف▬هوم▬ ← SH090",ar,x.com,9fe0cce611ce82ce921cdd17db70cb5f751e3f72,2024-11-19T19:13:04.000Z,Sports,0.9980469,Manipulative,False
72605,"كولن بوخوم أوساسونا لايبزيج ليفربول

ڪۆد خضم مباشر

▬بشرة▬كير▬بشره▬ ← A77",ar,x.com,ae759e1f32f65852eb5c61017a22397404dbbcbc,2024-11-19T19:15:56.000Z,People,0.9980469,Manipulative,False
72757,"الفيحاء بوروسيا دورتموند مايوركا

ڪۆد خضم مباشر

▬براندز▬فور▬ليس▬لس▬براندس▬ ← BF51",ar,x.com,1fedddbe7c7a41ee86c74dd921fb24f73cb9f2f8,2024-11-19T19:15:58.000Z,Entertainment,0.9980469,Manipulative,False
102676,"لاس بالماس أوساسونا فينيسيا فارينسي أتلتيك بلباو

ڪۆد خضم مباشر

▬باث▬اند▬بدي▬ ← A4TU",ar,x.com,7d8a07e219de50a10de3c88d257120a17975ed31,2024-11-19T19:23:15.000Z,Sports,0.9980469,Manipulative,False
101840,"الاتفاق فينيسيا أفيس بوافيستا مانشستر سيتي

ڪۆد خضم مباشر

▬ألشمس▬وألرمأل▬و▬ألرمأل▬ ← ZZY25",ar,x.com,e8c3d998c6dffaae74c8c68b54a435a5a48d2bc1,2024-11-19T19:23:04.000Z,Politics,0.9980469,Manipulative,False
75900,"فيتوريا غيمارايش بارما ريمس إسبانيول بولونيا

ڪۆد خضم مباشر

▬ڪاردىال▬ ← M63",ar,x.com,7e0161494b5c5ecf33a0f73e56b7034e9a276729,2024-11-19T19:16:41.000Z,Entertainment,0.9980469,Manipulative,False
85831,"بورنموث بنفيكا بوافيستا لانس

ڪۆد خضم مباشر

▬اير▬الو▬ايرالو▬ ← CY10",ar,x.com,f24b3cc6d46f6a45291c3135bee119825069c1f5,2024-11-19T19:18:59.000Z,Entertainment,0.9980469,Manipulative,False
74202,"مارسيليا ريو آفي بورتو

ڪۆد خضم مباشر

▬براندز▬فور▬ليس▬لس▬براندس▬ ← BF51",ar,x.com,dfbf0b4218b0567fea5fef56cc6761ebfe2e6d82,2024-11-19T19:16:18.000Z,Entertainment,0.9980469,Manipulative,False
68852,"آر كي سي فالفيك موناكو ناسيونال

ڪۆد خضم مباشر

▬لُفيُل▬شوُز▬لُيفُل▬لُيُفيُل▬ ← LEV11",ar,x.com,15cd79acba0562b756bd423f5a0858894d3ad5c4,2024-11-19T19:15:04.000Z,People,0.9980469,Manipulative,False
69936,"ريال سوسيداد توتنهام هوتسبر جنوى مارسيليا الخليج

ڪۆد خضم مباشر

▬خيؤط▬الزعفران▬ ← AA75",ar,x.com,ec1ba85b2db624c358d81a7104a4c15e99d5fc76,2024-11-19T19:15:19.000Z,Environment,0.9980469,Manipulative,False
72479,"مانشستر سيتي النصر نيس سانتا كلارا هيرتا برلين

ڪۆد خضم مباشر

▬خيؤط▬الزعفران▬ ← AA75",ar,x.com,71c7f3db945abb38d86ce9975fa5328e6e0c73a5,2024-11-19T19:15:54.000Z,Sports,0.9980469,Manipulative,False
72737,"إيفرتون بارما كومو

ڪۆد خضم مباشر

▬براندز▬فور▬ليس▬لس▬براندس▬ ← BF51",ar,x.com,bccf02a4c8d04c7782810bba97d6100350a420c1,2024-11-19T19:15:58.000Z,Entertainment,0.9980469,Manipulative,False
72915,"مونبلييه برينتفورد ليفربول

ڪۆد خضم مباشر

▬براندز▬فور▬ليس▬لس▬براندس▬ ← BF51",ar,x.com,2a99c3c47b917734e916e24ffa4a135de0369fea,2024-11-19T19:16:00.000Z,Sports,0.9980469,Manipulative,False
70066,"الخليج الاتحاد لاس بالماس نوتنغهام فورست هيرتا برلين

ڪۆد خضم مباشر

▬إيهٮرب▬ ← CNU3074",ar,x.com,b34e6852dfc57a38fdf638762c25154929905538,2024-11-19T19:15:21.000Z,Entertainment,0.9980469,Manipulative,False
65348,"سبورتينغ براغا بنفيكا الشباب فيردر بريمن فالنسيا

ڪۆد خضم مباشر

▬باث▬اند▬بدي▬ ← A4TU",ar,x.com,9bdb7f8edcd9204bcfa2ba3bae6426e17fb7da8b,2024-11-19T19:14:16.000Z,Sports,0.9980469,Manipulative,False
73338,"التعاون أفيس فينيسيا فياريال مونبلييه

ڪۆد خضم مباشر

▬ماماز▬اند▬باباز▬ ← DF60",ar,x.com,ff9cc9312337efb4dc057fb0c5492b9481ca9a05,2024-11-19T19:16:06.000Z,Social,0.9980469,Manipulative,False
74209,"بنفيكا الاتفاق تولوز

ڪۆد خضم مباشر

▬براندز▬فور▬ليس▬لس▬براندس▬ ← BF51",fa,x.com,29270d54b213cd67d29c80ef2c6abb1b84eb54e9,2024-11-19T19:16:18.000Z,Environment,0.9980469,Manipulative,False
79457,"إن إي سي نيميغن نيس شتوتغارت برشلونة ريال مدريد

ڪۆد خضم مباشر

▬ماماز▬اند▬باباز▬ ← DF60",ar,x.com,8bbdb4de43399063b3580ddf5f0ba2c6c6b6a211,2024-11-19T19:17:30.000Z,Social,0.9980469,Manipulative,False
75772,"أستون فيلا سبورتينغ لشبونة إن إي سي نيميغن

ڪۆد خضم مباشر

▬رشؤف▬للعسل▬راشوف▬عسل▬ ← AS59",ar,x.com,ecbe260e3e76b47b81fca41616247abef8f52749,2024-11-19T19:16:39.000Z,Sports,0.9980469,Manipulative,False
33108,"لاتسيو خيتافي لوهافر

ڪۆد خضم مباشر

▬براندز▬فور▬ليس▬لس▬براندس▬ ← BF51",ar,x.com,f6f36fff9a05db87267b396cc06030e37d1de953,2024-11-19T19:07:12.000Z,Entertainment,0.9980469,Manipulative,False
1982,"إنتر ميلان فياريال ضمك الباطن

ڪۆد خضم مباشر

▬باث▬اند▬بوٕدي▬ ← A4TU",ar,x.com,3f1e9a1e7ae607cf5cffa6496aa8c91e570cbe64,2024-11-19T19:00:19.000Z,Sports,0.9980469,Manipulative,False
4440,"إنتر ميلان أي زد ألكمار كالياري ألافيس سبورتينغ لشبونة

ڪۆد خضم مباشر

▬باث▬اند▬بدي▬ ← A4TU",ar,x.com,ea6ab8e37bb7d3ee012fc49950d659a4be9265c0,2024-11-19T19:00:48.000Z,Technology,0.9980469,Manipulative,False
81178,"أودينيزي جيرونا هامبورغ باير ليفركوزن

ڪۆد خضم مباشر

▬اير▬الو▬ايرالو▬ ← CY10",ar,x.com,216df9c30e6737998c250006eb46f9ced4c1447c,2024-11-19T19:17:54.000Z,Sports,0.9980469,Manipulative,False
28951,"أونيون برلين فولهام ليل ناسيونال ليتشي

ڪۆد خضم مباشر

▬ألسىف▬هوم▬ ← SH090",ar,x.com,37cbb076baa9ba7a05a81a1c20bea98439710710,2024-11-19T19:06:20.000Z,Entertainment,0.9980469,Manipulative,False
27321,"موريرينسي آر كي سي فالفيك ليغانيس

ڪۆد خضم مباشر

▬امريكان▬ايجل▬ايفل▬ ← MT3R",ar,x.com,c96cff9eb79df3a13d5737b44a0c9279942e2bbb,2024-11-19T19:05:59.000Z,Entertainment,0.9980469,Manipulative,False
33282,"هوفنهايم ريال بيتيس لاتسيو

ڪۆد خضم مباشر

▬براندز▬فور▬ليس▬لس▬براندس▬ ← BF51",ar,x.com,859296203552a5f4af955db9ff9b641bf3ce6e91,2024-11-19T19:07:14.000Z,Entertainment,0.9980469,Manipulative,False
72920,"إمبولي فيليم الثاني أوساسونا

ڪۆد خضم مباشر

▬براندز▬فور▬ليس▬لس▬براندس▬ ← BF51",ar,x.com,de86f08db886cd111075733b58f4d8c8e7be1daa,2024-11-19T19:16:00.000Z,Entertainment,0.9980469,Manipulative,False
64969,"أفيس النصر مارسيليا

ڪۆد خضم مباشر

▬براندز▬فور▬ليس▬لس▬براندس▬ ← BF51",ar,x.com,dfb10a806b833184fdccece889a47653f766ccc9,2024-11-19T19:14:11.000Z,Entertainment,0.9980469,Manipulative,False
72859,"أوكسير فينيسيا أروكا

ڪۆد خضم مباشر

▬براندز▬فور▬ليس▬لس▬براندس▬ ← BF51",ar,x.com,4dce21e59f43dbddd1b65259266a103d40dc57e8,2024-11-19T19:15:59.000Z,Entertainment,0.9980469,Manipulative,False
65534,"إنتر ميلان ضمك بولونيا

ڪۆد خضم مباشر

▬امريكان▬ايجل▬ايفل▬ ← MT3R",ar,x.com,e820d8e3aa78e02111d0ee72f19d5389cccec53d,2024-11-19T19:14:18.000Z,Sports,0.9980469,Manipulative,False
72838,"أوتريخت تفينتي فورتونا سيتارد

ڪۆد خضم مباشر

▬براندز▬فور▬ليس▬لس▬براندس▬ ← BF51",ar,x.com,624712aea1c631d310fc09e82f91f5a35c4d18fc,2024-11-19T19:15:59.000Z,Entertainment,0.9980469,Manipulative,False
72841,"الخليج فارينسي أرسنال

ڪۆد خضم مباشر

▬براندز▬فور▬ليس▬لس▬براندس▬ ← BF51",ar,x.com,c56dfa28adaaefacbb10a05c7a6e1134af3b1d82,2024-11-19T19:15:59.000Z,Sports,0.9980469,Manipulative,False
65392,"فولهام خيتافي نورنبيرغ أي زد ألكمار

ڪۆد خضم مباشر

▬اير▬الو▬ايرالو▬ ← CY10",ar,x.com,6c226a69c9a0d16d3925759e78ffb9c042d2942c,2024-11-19T19:14:16.000Z,Sports,0.9980469,Manipulative,False
102277,"إن إي سي نيميغن تولوز ستراسبورغ

ڪۆد خضم مباشر

▬مٕستر▬مٕندوٕب▬ ← DSK",ar,x.com,4f708b35cde6ef8aa2b3de8538611bed569743ef,2024-11-19T19:23:10.000Z,Entertainment,0.9980469,Manipulative,False
102041,"ليتشي سانتا كلارا ناك بريدا

ڪۆد خضم مباشر

▬امريكان▬ايجل▬ايفل▬ ← MT3R",ar,x.com,cb9a79c9e4a51a7c31c8712c51c2f3354a1ca663,2024-11-19T19:23:07.000Z,Technology,0.9980469,Manipulative,False
91952,"ضمك ناسيونال فيليم الثاني فينورد ناك بريدا

ڪۆد خضم مباشر

▬امريكان▬ايجل▬ايفل▬ ← ABCY",ar,x.com,9f38885e15d46eef0af35f9a463bef3b2ce1a6b4,2024-11-19T19:20:31.000Z,Entertainment,0.9980469,Manipulative,False
92698,"سانت إتيان لانس بوروسيا دورتموند فورتونا سيتارد

ڪۆد خضم مباشر

▬ڪاردىال▬ ← M63",ar,x.com,bb15f57cb4d90843ca696ed80cf48ea4f89c64d9,2024-11-19T19:20:43.000Z,Sports,0.9980469,Manipulative,False
86104,"سبورتينغ براغا هيرتا برلين مونزا غو أهيد إيغلز باير ليفركوزن

ڪۆد خضم مباشر

▬ڪاردىال▬ ← M63",ar,x.com,0553cfcbde4fa196411a23911e70d26562d03d92,2024-11-19T19:19:03.000Z,Sports,0.9980469,Manipulative,False
80445,"سبورتينغ لشبونة سانت إتيان مانشستر يونايتد ريال مدريد هوفنهايم

ڪۆد خضم مباشر

▬باث▬اند▬بدي▬ ← A4TU",ar,x.com,da357c44f2bb09b550ea48c1cb61105ee0584f89,2024-11-19T19:17:43.000Z,Sports,0.9980469,Manipulative,False
86481,"إستريلا دا أمادورا نوتنغهام فورست أتلتيك بلباو سبورتينغ براغا أودينيزي

ڪۆد خضم مباشر

▬نايس▬ستور▬ ← SUM5",ar,x.com,15c27d86651848c2222a4b358f6aee3244dc53b2,2024-11-19T19:19:08.000Z,Sports,0.9980469,Manipulative,False
91353,"ريال سوسيداد آر كي سي فالفيك ليغانيس

ڪۆد خضم مباشر

▬براندز▬فور▬ليس▬لس▬براندس▬ ← BF51",ar,x.com,92266f947307fdb0d61ab6815884dd449f753fa6,2024-11-19T19:20:20.000Z,Entertainment,0.9980469,Manipulative,False
21200,"يوفنتوس لاتسيو كازا بيا

ڪۆد خضم مباشر

▬رشؤف▬للعسل▬راشوف▬عسل▬ ← AS59",ar,x.com,c3c4bfc8fa66b46ba35990f5aae3669c1a98e4cb,2024-11-19T19:04:35.000Z,Entertainment,0.9980469,Manipulative,False
22176,"نيس جيل فيسنتي الفتح

ڪۆد خضم مباشر

▬لُفيُل▬شوُز▬لُيفُل▬لُيُفيُل▬ ← LEV11",ar,x.com,0871a076ad2f4dba3d9947eb3da1d1a63455920d,2024-11-19T19:04:48.000Z,Entertainment,0.9980469,Manipulative,False
21931,"فيرونا نيس فاماليكاو فورتونا سيتارد القادسية

ڪۆد خضم مباشر

▬ألشمس▬وألرمأل▬و▬ألرمأل▬ ← ZZY25",ar,x.com,3afb2a0d2ac8d7ca065fac9eb7145a50c55e1b3b,2024-11-19T19:04:45.000Z,People,0.9980469,Manipulative,False
21597,"بوافيستا كريستال بالاس شالكه

ڪۆد خضم مباشر

▬امريكان▬ايجل▬ايفل▬ ← MT3R",ar,x.com,b1bdce19ac34ef653901be4ac35a6925361b58c0,2024-11-19T19:04:41.000Z,Entertainment,0.9980469,Manipulative,False
21579,"مونزا برايتون وهوف ألبيون فولفسبورغ بنفيكا

ڪۆد خضم مباشر

▬بأرىس▬غألىرى▬جألىرى▬ ← AA26",ar,x.com,34d0d0ebca719be768f2b6f68c0e7e0540c927e7,2024-11-19T19:04:40.000Z,Sports,0.9980469,Manipulative,False
5881,"فيتوريا غيمارايش ريال مدريد شتوتغارت كومو بورنموث

ڪۆد خضم مباشر

▬باث▬اند▬بدي▬ ← A4TU",ar,x.com,d624cc483b42e9448bf79ffadf633e8fc7b24131,2024-11-19T19:01:07.000Z,Entertainment,0.9980469,Manipulative,False
11475,"يوفنتوس بوخوم بورتو

ڪۆد خضم مباشر

▬براندز▬فور▬ليس▬لس▬براندس▬ ← BF51",ar,x.com,d502eff4355e52fd660455d65a7e1e1760a78db6,2024-11-19T19:02:21.000Z,Entertainment,0.9980469,Manipulative,False
29669,"أوتريخت أوساسونا ليفربول بريست نوتنغهام فورست يوفنتوس

ڪۆد خضم مباشر

▬إيهٮرب▬ ← CNU3074",ar,x.com,b34e6852dfc57a38fdf638762c25154929905538,2024-11-19T19:06:30.000Z,Sports,0.9980469,Manipulative,False
102183,"سبارتا روتردام سانت إتيان آينتراخت فرانكفورت بوروسيا مونشنغلادباخ

ڪۆد خضم مباشر

▬ڪاردىال▬ ← M63",ar,x.com,49dd9e81f0e3ca58b85052a336cad63318083b6d,2024-11-19T19:23:08.000Z,Sports,0.9980469,Manipulative,False
102298,"الخليج سبارتا روتردام آينتراخت فرانكفورت سبورتينغ براغا ليفربول

ڪۆد خضم مباشر

▬عود▬ميلان▬ميلانو▬ ← S92",ar,x.com,bbcc9eac34fffbfb6e709b22a3829386b12da75b,2024-11-19T19:23:10.000Z,Sports,0.9980469,Manipulative,False
96425,"ريمس إبسويتش تاون سيلتا فيغو بلد الوليد لايبزيج

ڪۆد خضم مباشر

▬ماماز▬اند▬باباز▬ ← DF60",ar,x.com,4c2c84ff3ce6b832e3ba2958d475deb0d0ea9bd7,2024-11-19T19:21:41.000Z,Social,0.9980469,Manipulative,False
99553,"فيردر بريمن كومو بوافيستا

ڪۆد خضم مباشر

▬مغربي▬للبصريات▬ ← T5",ar,x.com,ad58632d39273c43ea3ddf3dfe6bbf4423b56f77,2024-11-19T19:22:29.000Z,Sports,0.9980469,Manipulative,False
98677,"ليغانيس استوريل ليستر سيتي تولوز

ڪۆد خضم مباشر

▬ايسيفن▬ايسفن▬اي▬سفن▬ ← JOR25",ar,x.com,625192a125cf56abbe7f8b24c6759cae58fc8edb,2024-11-19T19:22:16.000Z,Politics,0.9980469,Manipulative,False
12376,"الوحدة بارما ضمك جيل فيسنتي مارسيليا

ڪۆد خضم مباشر

▬ألسىف▬هوم▬ ← SH090",ar,x.com,3afb2a0d2ac8d7ca065fac9eb7145a50c55e1b3b,2024-11-19T19:02:34.000Z,People,0.9980469,Manipulative,False
26253,"إستريلا دا أمادورا نورنبيرغ فالنسيا بايرن ميونخ

ڪۆد خضم مباشر

▬باث▬اند▬بوٕدي▬ ← A4TU",ar,x.com,0ce1cbbc6e6e21b4ff3493167f26e3a3e5963199,2024-11-19T19:05:45.000Z,Entertainment,0.9980469,Manipulative,False
28556,"كولن بي إي سي زفوله بريست

ڪۆد خضم مباشر

▬براندز▬فور▬ليس▬لس▬براندس▬ ← BF51",ar,x.com,5bacf547e04db6bd8ad0742d9e51738ddd938f52,2024-11-19T19:06:14.000Z,Entertainment,0.9980469,Manipulative,False
29149,"ميلان ناسيونال نابولي كولن بي إي سي زفوله

ڪۆد خضم مباشر

▬تُيموُ▬ ← acs678251",ar,x.com,245d03bfeedc00e6e6ee9d34d72c7ff6cf5bb645,2024-11-19T19:06:23.000Z,Sports,0.9980469,Manipulative,False
40796,"كولن روما ريال بيتيس كريستال بالاس ليغانيس

ڪۆد خضم مباشر

▬أتش▬أند▬أم▬ ← ACY7",ar,x.com,750db3b5eec22635857d343ac17ba9176da64558,2024-11-19T19:08:55.000Z,Entertainment,0.9980469,Manipulative,False
40280,"بورنموث كومو لانس الفتح باير ليفركوزن

ڪۆد خضم مباشر

▬ألسىف▬هوم▬ ← SH090",ar,x.com,e3337261a89546a358fd6617c7f8ed785a0719aa,2024-11-19T19:08:48.000Z,Entertainment,0.9980469,Manipulative,False
40069,"بارما فياريال غو أهيد إيغلز مانشستر سيتي

ڪۆد خضم مباشر

▬ڪاردىال▬ ← M63",ar,x.com,763c82dc4c41e6650563511b1042dc20c2c86ff5,2024-11-19T19:08:45.000Z,Sports,0.9980469,Manipulative,False
23513,"فولفسبورغ سانتا كلارا نانت أتلتيك بلباو لاتسيو

ڪۆد خضم مباشر

▬مذر▬كىر▬مذركىر▬ ← AWBZS",ar,x.com,1947a50a165d62878382eedf6d2c56a062bba291,2024-11-19T19:05:06.000Z,Technology,0.9980469,Manipulative,False
24926,"القادسية سبورتينغ براغا ضمك

ڪۆد خضم مباشر

▬لُفيُل▬شوُز▬لُيفُل▬لُيُفيُل▬ ← LEV11",ar,x.com,3a56fedf3b8fbdcd0c0705dd5f42b8ef3da952c6,2024-11-19T19:05:27.000Z,People,0.9980469,Manipulative,False
104520,"أروكا أونيون برلين لانس ريو آفي آر كي سي فالفيك

ڪۆد خضم مباشر

▬إيهٮرب▬ ← CNU3074",ar,x.com,b34e6852dfc57a38fdf638762c25154929905538,2024-11-19T19:23:42.000Z,Entertainment,0.9980469,Manipulative,False
95118,"استوريل ليغانيس نيس ليتشي

ڪۆد خضم مباشر

▬ايسيفن▬ايسفن▬اي▬سفن▬ ← JOR25",ar,x.com,698bb77c70a05883ff1f4de967f9a5152b6620ab,2024-11-19T19:21:21.000Z,Politics,0.9980469,Manipulative,False
97335,"بوخوم ساوثهامبتون جنوى

ڪۆد خضم مباشر

▬مٕستر▬مٕندوٕب▬ ← DSK",ar,x.com,44cce3ed3a5bc3d7e8b93e7311d30a690b20d251,2024-11-19T19:21:56.000Z,Entertainment,0.9980469,Manipulative,False
96876,"سانتا كلارا أستون فيلا التعاون كومو فالنسيا

ڪۆد خضم مباشر

▬ان▬هاوس▬انهاوس▬ ← C64",ar,x.com,821e8455657e3f14ec8dda6a9bd4c179798f5989,2024-11-19T19:21:49.000Z,Sports,0.9980469,Manipulative,False
97346,"أوساسونا إنتر ميلان أرسنال

ڪۆد خضم مباشر

▬براندز▬فور▬ليس▬لس▬براندس▬ ← BF51",ar,x.com,edb47ffb3d496b039784f40c6452ea7f66efe794,2024-11-19T19:21:56.000Z,Sports,0.9980469,Manipulative,False
101552,"It's Awesome! Our top analyst just helped our member lock in nearly 600  % in total PROFITS on $1000FLOKI . Don 't miss out , start your 14 -day FREE trial today  - https://discord.gg/pwUxwD6q6K - Join right in! $DOGE $SOL $TURBO $ETH $BONK $HOOK $USDC $ADA $PNUT $BTC",en,x.com,23dab0629e19b877358e378daea77adc94c75834,2024-11-19T19:23:00.000Z,Cryptocurrency,0.9980469,Manipulative,False
101438,"سبورتينغ لشبونة برينتفورد إن إي سي نيميغن هوفنهايم أفيس

ڪۆد خضم مباشر

⎐فرست▬كراى⎐▬فيرستكراى▬ ← AFH3",ar,x.com,bf5600e3d9b8d9cce550628656b5c734e16f9a6c,2024-11-19T19:22:58.000Z,Sports,0.9980469,Manipulative,False
33216,"برايتون وهوف ألبيون الحزم الاتحاد

ڪۆد خضم مباشر

▬براندز▬فور▬ليس▬لس▬براندس▬ ← BF51",ar,x.com,5529a1fc2d7a20bf83626636a1dccbd39d365040,2024-11-19T19:07:13.000Z,Entertainment,0.9980469,Manipulative,False
110450,"ماينز أتلتيكو مدريد الفتح إنتر ميلان فالنسيا

ڪۆد خضم مباشر

▬ماماز▬اند▬باباز▬ ← DF60",ar,x.com,e662d862143fd75872a6bac1a5f30e673db8b0d6,2024-11-19T19:25:09.000Z,Social,0.9980469,Manipulative,False
114134,"موريرينسي إمبولي إنتر ميلان سبورتينغ لشبونة

ڪۆد خضم مباشر

▬بأرىس▬غألىرى▬جألىرى▬ ← AA26",ar,x.com,7712816dc7e58cb6a40b3335a098a7dbc26873bb,2024-11-19T19:26:05.000Z,Sports,0.9980469,Manipulative,False
111624,"الفيحاء ناك بريدا مونبلييه ليستر سيتي أرسنال

ڪۆد خضم مباشر

▬بشرة▬كير▬بشره▬ ← A77",ar,x.com,efd1cabf246e9d7b1d1a911d04f9b8f48fa431e8,2024-11-19T19:25:27.000Z,Sports,0.9980469,Manipulative,False
110235,"ريال بيتيس أفيس أوتريخت ماينز غرونينغن

ڪۆد خضم مباشر

▬بشرة▬كير▬بشره▬ ← A77",ar,x.com,7d0d2ecc4b4a46df72e752d78d586c185f560cf7,2024-11-19T19:25:06.000Z,Social,0.9980469,Manipulative,False
110215,"أفيس فورتونا سيتارد بوافيستا نيس الرائد

ڪۆد خضم مباشر

▬باث▬اند▬بدي▬ ← A4TU",ar,x.com,27432887b8805831db3f534a7a64f8409eb4865a,2024-11-19T19:25:06.000Z,Sports,0.9980469,Manipulative,False
110333,"ميلان التعاون الأهلي إبسويتش تاون أتلتيكو مدريد

ڪۆد خضم مباشر

▬ألسىف▬هوم▬ ← SH090",ar,x.com,6f17397bf82fa006eefdb89ae6e31befde8c76e1,2024-11-19T19:25:07.000Z,Social,0.9980469,Manipulative,False
31274,"الاتحاد التعاون فاماليكاو

ڪۆد خضم مباشر

▬براندز▬فور▬ليس▬لس▬براندس▬ ← BF51",ar,x.com,92c72146cca88a584f3e938c8ab0f6ef3be9237c,2024-11-19T19:06:49.000Z,Politics,0.9980469,Manipulative,False
33066,"ريو آفي فينيسيا أفيس

ڪۆد خضم مباشر

▬براندز▬فور▬ليس▬لس▬براندس▬ ← BF51",ar,x.com,3e82597f594b9848e863a3c57feb1957537f7e56,2024-11-19T19:07:12.000Z,Entertainment,0.9980469,Manipulative,False
31138,"فالنسيا استوريل بولونيا

ڪۆد خضم مباشر

▬براندز▬فور▬ليس▬لس▬براندس▬ ← BF51",ar,x.com,921d68b61d01b64bacce11aa1659ea6c81b7f39d,2024-11-19T19:06:48.000Z,Entertainment,0.9980469,Manipulative,False
33103,"الحزم ليغانيس بلد الوليد

ڪۆد خضم مباشر

▬براندز▬فور▬ليس▬لس▬براندس▬ ← BF51",ar,x.com,6f17397bf82fa006eefdb89ae6e31befde8c76e1,2024-11-19T19:07:12.000Z,Business,0.9980469,Manipulative,False
109684,"ليستر سيتي باير ليفركوزن موريرينسي بورنموث

ڪۆد خضم مباشر

▬باث▬اند▬بوٕدي▬ ← A4TU",ar,x.com,3f3cb6f38c67db97b5c08239a0c1060425d6c405,2024-11-19T19:24:58.000Z,Entertainment,0.9980469,Manipulative,False
109244,"ألافيس فينورد فياريال أي زد ألكمار

ڪۆد خضم مباشر

▬ايسيفن▬ايسفن▬اي▬سفن▬ ← JOR25",ar,x.com,d207f3dffc03ba354f1eb3099e6ca66f9bbfefea,2024-11-19T19:24:51.000Z,Entertainment,0.9980469,Manipulative,False
114545,"شالكه ضمك باير ليفركوزن إمبولي لايبزيج

ڪۆد خضم مباشر

▬عود▬ميلان▬ميلانو▬ ← S92",ar,x.com,aa1d120996de9589859f8030d9bcded55e2f6ae3,2024-11-19T19:26:11.000Z,Entertainment,0.9980469,Manipulative,False
109501,"لاس بالماس نانت باريس سان جيرمان

ڪۆد خضم مباشر

▬لُفيُل▬شوُز▬لُيفُل▬لُيُفيُل▬ ← LEV11",ar,x.com,f70b502bb5c4c67e2779d373603ca0766e4c7f5a,2024-11-19T19:24:55.000Z,Entertainment,0.9980469,Manipulative,False
106593,"هوفنهايم إن إي سي نيميغن فيرونا

ڪۆد خضم مباشر

▬براندز▬فور▬ليس▬لس▬براندس▬ ← BF51",ar,x.com,2c1eac946186cabe16b118c97220b4f3d1ec4565,2024-11-19T19:24:13.000Z,Sports,0.9980469,Manipulative,False
31298,"لايبزيج أرسنال فيرونا بلد الوليد فيليم الثاني

ڪۆد خضم مباشر

▬عود▬ميلان▬ميلانو▬ ← S92",ar,x.com,7dc45eb82ff498f6c742608cbb0bf41392ba5fba,2024-11-19T19:06:50.000Z,Sports,0.9980469,Manipulative,False
31276,"سانت إتيان ليستر سيتي هيرنفين

ڪۆد خضم مباشر

▬براندز▬فور▬ليس▬لس▬براندس▬ ← BF51",ar,x.com,338a00c8bdb0d6719abbd6b780975ae3b0d222d5,2024-11-19T19:06:49.000Z,Sports,0.9980469,Manipulative,False
50615,"ناسيونال سيلتا فيغو هيرنفين أونيون برلين

ڪۆد خضم مباشر

▬بأرىس▬غألىرى▬جألىرى▬ ← AA26",ar,x.com,bcd71a8434f7aba04c9e109cf493ef97f7457d7a,2024-11-19T19:11:04.000Z,Entertainment,0.9980469,Manipulative,False
114900,"نورنبيرغ باير ليفركوزن ألافيس كالياري أتلتيكو مدريد

ڪۆد خضم مباشر

▬أتش▬أند▬أم▬ ← ACY7",ar,x.com,2dce3b5efc3b22700e43668f069e5746aff9d05b,2024-11-19T19:26:16.000Z,Sports,0.9980469,Manipulative,False
115145,"الحزم برايتون وهوف ألبيون ميلان

ڪۆد خضم مباشر

▬براندز▬فور▬ليس▬لس▬براندس▬ ← BF51",ar,x.com,5812246225451d2ed338dbdf8af0c29c27b81cb3,2024-11-19T19:26:20.000Z,Business,0.9980469,Manipulative,False
118046,"لانس أفيس لانس برايتون وهوف ألبيون تورينو

ڪۆد خضم مباشر

▬ايا▬كلين▬ ← SA58",ar,x.com,ed8ad20defb989b4439226a4be20f1c0e7190f5e,2024-11-19T19:27:02.000Z,Sports,0.9980469,Manipulative,False
122048,"موناكو لوهافر بريست بولونيا تفينتي

ڪۆد خضم مباشر

▬خيؤط▬الزعفران▬ ← AA75",ar,x.com,e662d862143fd75872a6bac1a5f30e673db8b0d6,2024-11-19T19:28:08.000Z,Sports,0.9980469,Manipulative,False
121361,"ليتشي هيرتا برلين هامبورغ

ڪۆد خضم مباشر

▬رشؤف▬للعسل▬راشوف▬عسل▬ ← AS59",ar,x.com,2ec6ab22e09fc39b096b33f7dcc8447c25832718,2024-11-19T19:27:56.000Z,Entertainment,0.9980469,Manipulative,False
121263,"فاماليكاو كولن لانس بورنموث الفيصلي

ڪۆد خضم مباشر

▬مذر▬كىر▬مذركىر▬ ← AWBZS",ar,x.com,b268bbd1f613886d8eed724e2bcc093378904805,2024-11-19T19:27:55.000Z,Sports,0.9980469,Manipulative,False
96359,"ريال مدريد نابولي غو أهيد إيغلز بلد الوليد يوفنتوس

ڪۆد خضم مباشر

▬ماماز▬اند▬باباز▬ ← DF60",ar,x.com,4fc0efd72926cdfc5d0c24794a62964694f52f0e,2024-11-19T19:21:41.000Z,Sports,0.9980469,Manipulative,False
96330,"بلد الوليد أونيون برلين تشيلسي هيرتا برلين مانشستر سيتي

ڪۆد خضم مباشر

▬بشرة▬كير▬بشره▬ ← A77",ar,x.com,c8c9ad67d3799e8ba94321e45312fc0c414062ec,2024-11-19T19:21:40.000Z,Sports,0.9980469,Manipulative,False
111921,"نابولي نيوكاسل يونايتد أستون فيلا سبورتينغ براغا أتالانتا

ڪۆد خضم مباشر

▬ان▬هاوس▬انهاوس▬ ← C64",ar,x.com,97a17fe5c02714dc13cf17c82da73b7edb5dce86,2024-11-19T19:25:31.000Z,Sports,0.9980469,Manipulative,False
112771,"Get expert trading signals and start making money today! 

http://successful-signals.live

$SOL $AVAX $TIA $ADA $BONK $RATS $ORDI $INJ $SATS $FET $KAS $BTC $JTO $BEAM $ATOM $BNB $BEAM $ICP $KCS $ELF $HBAR $NEO $VET $APE $IOTA $CFX $ETH $CTC $smx",en,x.com,0c1005dd7fa71dc925c7dcd2a6f81df8f56777f6,2024-11-19T19:25:44.000Z,Cryptocurrency,0.9980469,Manipulative,False
109366,"ليون فارينسي غو أهيد إيغلز لاتسيو سبارتا روتردام

ڪۆد خضم مباشر

▬إيهٮرب▬ ← CNU3074",ar,x.com,b34e6852dfc57a38fdf638762c25154929905538,2024-11-19T19:24:53.000Z,Technology,0.9980469,Manipulative,False
107829,"رايو فاييكانو فاماليكاو النصر ريال مدريد سبارتا روتردام

ڪۆد خضم مباشر

▬بلؤمنج▬بلؤمنغ▬ؤير▬ ← B39",ar,x.com,253549f309804789164b46ecf06e181942d0967d,2024-11-19T19:24:32.000Z,Entertainment,0.9980469,Manipulative,False
110296,"سبورتينغ لشبونة أروكا نانت أوكسير ناسيونال

ڪۆد خضم مباشر

▬عود▬ميلان▬ميلانو▬ ← S92",ar,x.com,caeccc32f6e08d808cc0262d8b04667aa895796e,2024-11-19T19:25:07.000Z,Sports,0.9980469,Manipulative,False
112068,"الأهلي بورتو ماينز

ڪۆد خضم مباشر

▬لُفيُل▬شوُز▬لُيفُل▬لُيُفيُل▬ ← LEV11",ar,x.com,8b3702edd5d072ae952f68284d7e55255d9794f3,2024-11-19T19:25:33.000Z,People,0.9980469,Manipulative,False
105389,"فينورد برشلونة فيتوريا غيمارايش ريال سوسيداد النصر

ڪۆد خضم مباشر

▬أتش▬أند▬أم▬ ← ACY7",ar,x.com,23eb2966e4a761773026bd5ce23ad941d1966a46,2024-11-19T19:23:55.000Z,Entertainment,0.9980469,Manipulative,False
112253,"روما باريس سان جيرمان مونزا أونيون برلين أوتريخت

ڪۆد خضم مباشر

▬مذر▬كىر▬مذركىر▬ ← AWBZS",ar,x.com,cad709fdbd77600d8ab0c9202aea4c734cbd358c,2024-11-19T19:25:36.000Z,Environment,0.9980469,Manipulative,False
132846,"فيورنتينا فينيسيا باريس سان جيرمان تولوز هيراكليس

ڪۆد خضم مباشر

▬امريكان▬ايجل▬ايفل▬ ← ABCY",ar,x.com,45d71841ffb48aae001027b794f03cef5d27b11a,2024-11-19T19:31:00.000Z,Entertainment,0.9980469,Manipulative,False
134424,"Good luck!
交易所 实盘 军长 深币90%返佣 热币返佣 不求人 维客90%返佣后台直开 百倍币 聚合群 欧易返佣高达40% 币安 预售 挖矿 社区信息 欧易40%返佣 区块链 币赢 创业",zh,x.com,13bd007348bbe55be917243a2ebb80ca5aceb9a7,2024-11-19T19:31:27.000Z,Cryptocurrency,0.9980469,Manipulative,False
129500,"باير ليفركوزن تولوز كولن

ڪۆد خضم مباشر

▬براندز▬فور▬ليس▬لس▬براندس▬ ← BF51",ar,x.com,d4253c62adf6e030a9aa9712d8c398c1a3f98ae0,2024-11-19T19:30:06.000Z,Finance,0.9980469,Manipulative,False
126193,"ليفربول مايوركا تولوز أونيون برلين أنجيه

ڪۆد خضم مباشر

▬مذر▬كىر▬مذركىر▬ ← AWBZS",ar,x.com,de2175af6f0dcd28c82b45784a141c3b2efb664c,2024-11-19T19:29:16.000Z,Entertainment,0.9980469,Manipulative,False
133228,"جيرونا بولونيا ليل ميلان غو أهيد إيغلز

ڪۆد خضم مباشر

▬بشرة▬كير▬بشره▬ ← A77",ar,x.com,c8f3715a0999549db44cca7cfac60421ccf3d7e4,2024-11-19T19:31:06.000Z,People,0.9980469,Manipulative,False
132930,"بورتو آر كي سي فالفيك ليون فاماليكاو نابولي

ڪۆد خضم مباشر

▬امريكان▬ايجل▬ايفل▬ ← ABCY",ar,x.com,464035d2643811a133afeb27f801b32ac3595a42,2024-11-19T19:31:02.000Z,Entertainment,0.9980469,Manipulative,False
2914,"برشلونة شالكه بريست

ڪۆد خضم مباشر

▬براندز▬فور▬ليس▬لس▬براندس▬ ← BF51",ar,x.com,bf1b08ea1483df16a6679aaa93e43dc0d90e303c,2024-11-19T19:00:29.000Z,Sports,0.9980469,Manipulative,False
29525,"نيس برايتون وهوف ألبيون الاتفاق الفيحاء أستون فيلا

ڪۆد خضم مباشر

▬ماماز▬اند▬باباز▬ ← DF60",ar,x.com,dd2c5953213bba42452576a603ee02d623e12410,2024-11-19T19:06:28.000Z,Sports,0.9980469,Manipulative,False
47432,"أودينيزي بوخوم موريرينسي ريال سوسيداد

ڪۆد خضم مباشر

▬اير▬الو▬ايرالو▬ ← CY10",ar,x.com,38af7660f805161c5b51b246835178b1da8c2804,2024-11-19T19:10:22.000Z,Science,0.9980469,Manipulative,False
50135,"موريرينسي أتلتيك بلباو إستريلا دا أمادورا فيورنتينا إبسويتش تاون

ڪۆد خضم مباشر

▬أتش▬أند▬أم▬ ← ACY7",ar,x.com,eb7ee888349b5ba309d5d025b922548518d193f0,2024-11-19T19:10:58.000Z,Sports,0.9980469,Manipulative,False
53618,"وولفرهامبتون واندررز نيوكاسل يونايتد أونيون برلين الباطن ماينز

ڪۆد خضم مباشر

▬عود▬ميلان▬ميلانو▬ ← S92",ar,x.com,33d93f471f2141d98d18140e8a5feaf94e37e1af,2024-11-19T19:11:42.000Z,Entertainment,0.9980469,Manipulative,False
119211,"ليتشي إن إي سي نيميغن ساوثهامبتون ستراسبورغ ماينز

ڪۆد خضم مباشر

▬السيف▬غاليرى▬ ← R041",ar,x.com,041e0adc46d3b097fa3809799b0066f1c8c22d7e,2024-11-19T19:27:21.000Z,Politics,0.9980469,Manipulative,False
123563,"إنتر ميلان ماينز توتنهام هوتسبر ناك بريدا كازا بيا

ڪۆد خضم مباشر

▬السيف▬غاليرى▬ ← R041",ar,x.com,bf5600e3d9b8d9cce550628656b5c734e16f9a6c,2024-11-19T19:28:33.000Z,Sports,0.9980469,Manipulative,False
119986,"فورتونا سيتارد باير ليفركوزن ستراسبورغ الخليج ريال بيتيس

ڪۆد خضم مباشر

▬نسىم▬ ← N14",ar,x.com,bbcc9eac34fffbfb6e709b22a3829386b12da75b,2024-11-19T19:27:33.000Z,Environment,0.9980469,Manipulative,False
122389,"الحزم فيتوريا غيمارايش الخليج بي إي سي زفوله

▬نمشؾ▬
◗CX10◖

▬ٺون▬
◗SAAS◖",ar,x.com,150859a016573a1d8b7447b76f4d7cb9118d86e1,2024-11-19T19:28:14.000Z,Technology,0.9980469,Manipulative,False
116314,"شتوتغارت فيرونا بوافيستا

ڪۆد خضم مباشر

▬صن▬أند▬سأند▬ ← ZZY25",ar,x.com,33d93f471f2141d98d18140e8a5feaf94e37e1af,2024-11-19T19:26:37.000Z,Entertainment,0.9980469,Manipulative,False
115013,"ليل ليفربول أتلتيك بلباو كالياري

ڪۆد خضم مباشر

▬ايسيفن▬ايسفن▬اي▬سفن▬ ← JOR25",ar,x.com,6ff5b797892568c41ac230dcaefab959f78903d7,2024-11-19T19:26:18.000Z,Sports,0.9980469,Manipulative,False
118806,"يوفنتوس الفتح بورنموث توتنهام هوتسبر الوحدة

ڪۆد خضم مباشر

▬امريكان▬ايجل▬ايفل▬ ← ABCY",ar,x.com,c0e59fd7169e86c5d03615ed20485f0f9c7ae697,2024-11-19T19:27:14.000Z,Technology,0.9980469,Manipulative,False
115207,"Join now for high-return strategies that deliver! 

http://successful-signals.live

$SOL $SEI $TIA $BONK $XRP $ARB $PEOPLE $AVAX $BTC $ETH $SOL $ARB $SEI $STX $BONK $MATIC $TIA $INJ $T $ICP $DAI $SUI $ATOM $SHIB $AI $RNDR",en,x.com,a019b2fa27e129f62fe764f6ea610bd6325ba62e,2024-11-19T19:26:21.000Z,Cryptocurrency,0.9980469,Manipulative,False
