url,rows,mean_manipulative_score,manipulative_rate,review_rate,manipulative_count,review_count
www.aajtak.in,58,0.7493415372125034,0.8448275862068966,0.0,49,0
www.tradingview.com,387,0.7492238224630824,0.8397932816537468,0.04392764857881137,325,17
vive.im,65,0.7463005652794471,0.8307692307692308,0.03076923076923077,54,2
cysec.social,25,0.7254217529296875,0.84,0.08,21,2
www.chip.de,27,0.6936730278862847,0.9259259259259259,0.037037037037037035,25,1
lankanewsweb.net,20,0.681591796875,1.0,0.0,20,0
www.ledauphine.com,212,0.6393083716338536,0.7783018867924528,0.06132075471698113,165,13
climatejustice.social,31,0.5760292545441659,0.7741935483870968,0.0,24,0
newsie.social,21,0.5508989606584821,0.7619047619047619,0.047619047619047616,16,1
www.leprogres.fr,75,0.4794573593139648,0.5866666666666667,0.02666666666666667,44,2
kr.investing.com,96,0.47938013076782227,0.5833333333333334,0.10416666666666667,56,10
mastodonapp.uk,32,0.4591737985610962,0.53125,0.09375,17,3
mastodon.online,89,0.4425406080953191,0.5617977528089888,0.12359550561797752,50,11
bitcointalk.org,148,0.42749221904857737,0.5472972972972973,0.0472972972972973,81,7
arabi.social,69,0.4212750421054121,0.6231884057971014,0.2463768115942029,43,17
twitchy.com,25,0.41895118713378904,0.56,0.12,14,3
www.bienpublic.com,26,0.3848362702589769,0.46153846153846156,0.0,12,0
fed.brid.gy,36,0.33316850662231445,0.3888888888888889,0.1111111111111111,14,4
channels.im,40,0.3285225868225098,0.425,0.25,17,10
mastodon.social,1229,0.3120816124465235,0.4174125305126119,0.10903173311635476,513,134
mstdn.social,161,0.2936396628433133,0.39751552795031053,0.07453416149068323,64,12
www.foxsports.com.au,22,0.2926644411954013,0.5454545454545454,0.09090909090909091,12,2
mastodon.crazynewworld.net,41,0.2849693298339844,0.34146341463414637,0.0975609756097561,14,4
mas.to,48,0.27955786387125653,0.375,0.020833333333333332,18,1
www.youtube.com,161011,0.27696514909702813,0.342839930191105,0.07011943283378154,55201,11290
wakoka.com,96,0.2690146764119466,0.4270833333333333,0.14583333333333334,41,14
infosec.exchange,70,0.25849557604108536,0.4,0.02857142857142857,28,2
pubeurope.com,176,0.2282964749769731,0.3352272727272727,0.14204545454545456,59,25
mstdn.ca,23,0.22336113971212637,0.2608695652173913,0.08695652173913043,6,2
lemmy.today,23,0.21774254674496857,0.30434782608695654,0.043478260869565216,7,1
masto.ai,126,0.21471106816851904,0.3253968253968254,0.12698412698412698,41,16
mastodon.world,95,0.211141626458419,0.2736842105263158,0.11578947368421053,26,11
www.jpost.com,40,0.2058269500732422,0.3,0.1,12,4
universeodon.com,21,0.20200538635253906,0.2857142857142857,0.19047619047619047,6,4
x.com,3168491,0.20107448971749922,0.24108668763774302,0.04857296422808208,763881,153903
www.israelnationalnews.com,39,0.19792825747758913,0.28205128205128205,0.15384615384615385,11,6
mastodon.art,31,0.1946320072297127,0.25806451612903225,0.1935483870967742,8,6
piaille.fr,34,0.18756403642542221,0.2647058823529412,0.14705882352941177,9,5
www.channel4.com,26,0.18389599139873797,0.23076923076923078,0.11538461538461539,6,3
boards.4channel.org,23998,0.1819140754726412,0.23876989749145763,0.0590465872156013,5730,1417
www.washingtontimes.com,32,0.17597824335098267,0.28125,0.03125,9,1
invezz.com,131,0.17432772658253445,0.22900763358778625,0.030534351145038167,30,4
www.jeuxvideo.com,7183,0.17197383905575664,0.23124042879019907,0.07100097452317973,1661,510
lemmy.ml,56,0.16231683322361537,0.21428571428571427,0.07142857142857142,12,4
lemmy.blahaj.zone,74,0.16031013952719197,0.20270270270270271,0.05405405405405406,15,4
social.vivaldi.net,22,0.15916338833895596,0.3181818181818182,0.13636363636363635,7,3
hotnews.ro,27,0.15332186663592304,0.25925925925925924,0.07407407407407407,7,2
mastodon.nl,56,0.1524573734828404,0.19642857142857142,0.07142857142857142,11,4
www.winnipegfreepress.com,145,0.14920374113937904,0.1793103448275862,0.12413793103448276,26,18
www.benzinga.com,257,0.146743444153307,0.21011673151750973,0.05058365758754864,54,13
techhub.social,53,0.14460094020051775,0.1509433962264151,0.09433962264150944,8,5
mastodon.cloud,90,0.1439495086669922,0.18888888888888888,0.1,17,9
gendai.media,29,0.13819806329135237,0.1724137931034483,0.06896551724137931,5,2
www.times-news.com,46,0.13703781625498895,0.21739130434782608,0.06521739130434782,10,3
www.prajavani.net,52,0.1363226083608774,0.0,0.9807692307692307,0,51
thehill.com,54,0.13526796411584924,0.2222222222222222,0.24074074074074073,12,13
lemmy.ca,120,0.1342573563257853,0.16666666666666666,0.058333333333333334,20,7
www.nytimes.com,72,0.13201892375946045,0.16666666666666666,0.06944444444444445,12,5
t.me,21,0.13077654157366073,0.14285714285714285,0.047619047619047616,3,1
www.legit.ng,23,0.13056920922320822,0.17391304347826086,0.13043478260869565,4,3
lemmy.world,1516,0.13042774301091095,0.1787598944591029,0.060026385224274406,271,91
www.huffingtonpost.es,34,0.12907706989961512,0.17647058823529413,0.0,6,0
slrpnk.net,50,0.12778497695922852,0.2,0.08,10,4
www.kurir.rs,110,0.12711570913141423,0.19090909090909092,0.08181818181818182,21,9
mas.corq.co,50,0.125828857421875,0.14,0.1,7,5
www.chroniclelive.co.uk,25,0.12365325927734375,0.12,0.0,3,0
zaman.co.at,20,0.12312231063842774,0.15,0.05,3,1
www.spiegel.de,54,0.12124374177720812,0.2222222222222222,0.09259259259259259,12,5
lemmings.world,20,0.1198267936706543,0.15,0.0,3,0
bsky.app,387444,0.11729984150725842,0.15086825450903874,0.046176995901343165,58453,17891
airwaves.social,35,0.11531284877232142,0.08571428571428572,0.17142857142857143,3,6
www.faz.net,30,0.11525313059488933,0.2,0.06666666666666667,6,2
lemmy.dbzer0.com,89,0.11483175299140845,0.14606741573033707,0.0449438202247191,13,4
it.investing.com,89,0.11480811472689167,0.2247191011235955,0.14606741573033707,20,13
www.delcotimes.com,40,0.11310079097747802,0.175,0.025,7,1
www.khou.com,27,0.11282391018337673,0.14814814814814814,0.037037037037037035,4,1
www.investors.com,20,0.11276159286499024,0.1,0.0,2,0
seekingalpha.com,148,0.11165104041228423,0.14864864864864866,0.04054054054054054,22,6
www.buzzfeed.com,51,0.11060742770924288,0.13725490196078433,0.0196078431372549,7,1
www.merca20.com,29,0.10951604514286437,0.10344827586206896,0.0,3,0
www.inn.co.il,45,0.10949278937445747,0.13333333333333333,0.044444444444444446,6,2
www.hindustantimes.com,47,0.1086110865816157,0.1276595744680851,0.06382978723404255,6,3
fedia.io,54,0.10827265845404731,0.14814814814814814,0.037037037037037035,8,2
www.threads.net,4200,0.10774388971782865,0.13071428571428573,0.03761904761904762,549,158
www.thedailyreview.com,22,0.10709515484896573,0.18181818181818182,0.0,4,0
www.newsitem.com,93,0.10696005052135836,0.10752688172043011,0.010752688172043012,10,1
www.greeleytribune.com,32,0.10224777460098267,0.1875,0.125,6,4
www.yahoo.com,102,0.10127970751594095,0.13725490196078433,0.058823529411764705,14,6
www.cbssports.com,64,0.10100588202476501,0.125,0.03125,8,2
ph.investing.com,135,0.09955551712601274,0.11851851851851852,0.1037037037037037,16,14
www.stiripesurse.ro,92,0.09893831999405571,0.14130434782608695,0.05434782608695652,13,5
www.netwerk24.com,39,0.09870988894731571,0.10256410256410256,0.05128205128205128,4,2
ca.investing.com,130,0.09765409322885367,0.13076923076923078,0.13846153846153847,17,18
www.focus.de,23,0.09752878935440727,0.13043478260869565,0.08695652173913043,3,2
sg.news.yahoo.com,22,0.09720204093239525,0.09090909090909091,0.0,2,0
midwest.social,31,0.0962920650359123,0.16129032258064516,0.12903225806451613,5,4
www.dnevnik.bg,21,0.09521157400948661,0.14285714285714285,0.09523809523809523,3,2
www.almasryalyoum.com,41,0.09408094824814214,0.12195121951219512,0.024390243902439025,5,1
tribunadepetropolis.com.br,62,0.09355337389053837,0.14516129032258066,0.04838709677419355,9,3
www.fnnews.com,29,0.09320515599744074,0.20689655172413793,0.1724137931034483,6,5
www.tgcom24.mediaset.it,24,0.09307503700256348,0.20833333333333334,0.08333333333333333,5,2
thebrunswicknews.com,32,0.09236574172973633,0.09375,0.125,3,4
www.investing.com,126,0.09202142745729476,0.12698412698412698,0.09523809523809523,16,12
www.almashhad-alyemeni.com,34,0.09070559108958524,0.14705882352941177,0.058823529411764705,5,2
sputnikportal.rs,48,0.09069844086964925,0.125,0.0,6,0
www.kxan.com,24,0.08910147349039714,0.125,0.0,3,0
www.ilgiornale.it,28,0.08903510229928153,0.17857142857142858,0.14285714285714285,5,4
www.dailycamera.com,53,0.0873949482755841,0.09433962264150944,0.05660377358490566,5,3
www.barchart.com,38,0.086555982890882,0.15789473684210525,0.02631578947368421,6,1
sh.itjust.works,279,0.08639044402748026,0.12186379928315412,0.03942652329749104,34,11
www.welt.de,30,0.08607584635416667,0.1,0.03333333333333333,3,1
bonito.cafe,91,0.08539681906228537,0.08791208791208792,0.02197802197802198,8,2
www.jungewelt.de,37,0.08494018863987278,0.08108108108108109,0.02702702702702703,3,1
www.lacronicabadajoz.com,57,0.08386956599720738,0.12280701754385964,0.0,7,0
www.wivb.com,28,0.08333178928920201,0.10714285714285714,0.03571428571428571,3,1
sportsfeed.me,26,0.08301940331092247,0.11538461538461539,0.15384615384615385,3,4
www.usatoday.com,84,0.08261854307992118,0.13095238095238096,0.023809523809523808,11,2
mander.xyz,38,0.08225571481805098,0.10526315789473684,0.0,4,0
www.bdtonline.com,37,0.08138728786159206,0.13513513513513514,0.0,5,0
www.djournal.com,48,0.08112295468648274,0.10416666666666667,0.041666666666666664,5,2
kohajone.com,47,0.08070750946694231,0.14893617021276595,0.0425531914893617,7,2
in.investing.com,127,0.08065177136518824,0.09448818897637795,0.11023622047244094,12,14
www.gva.be,27,0.08040414033112703,0.1111111111111111,0.07407407407407407,3,2
lemm.ee,255,0.07972176869710286,0.10588235294117647,0.03529411764705882,27,9
kbin.melroy.org,25,0.07957271575927734,0.2,0.12,5,3
journalnow.com,26,0.07944737947904147,0.07692307692307693,0.0,2,0
www.cnet.com,62,0.07935885460146012,0.12903225806451613,0.016129032258064516,8,1
reddthat.com,34,0.07921549853156595,0.08823529411764706,0.0,3,0
feddit.org,59,0.0788631600848699,0.1016949152542373,0.05084745762711865,6,3
dailycaller.com,23,0.07774552055027174,0.13043478260869565,0.043478260869565216,3,1
news.telegraf.com.ua,31,0.07705805378575478,0.12903225806451613,0.06451612903225806,4,2
www.france24.com,40,0.07704715728759766,0.125,0.075,5,3
24.hu,30,0.07691834767659506,0.1,0.03333333333333333,3,1
www.rawstory.com,23,0.07624236397121263,0.13043478260869565,0.043478260869565216,3,1
www.corrieredellosport.it,26,0.07616828038142277,0.15384615384615385,0.0,4,0
www.fox10phoenix.com,22,0.0760183334350586,0.13636363636363635,0.0,3,0
www.marketwatch.com,43,0.07559789613235829,0.046511627906976744,0.09302325581395349,2,4
ng.investing.com,119,0.07511126093503807,0.09243697478991597,0.14285714285714285,11,17
feddit.nl,34,0.07482340756584616,0.08823529411764706,0.08823529411764706,3,3
www.tayyar.org,54,0.0745027330186632,0.09259259259259259,0.0,5,0
za.investing.com,131,0.07410457116046934,0.08396946564885496,0.12213740458015267,11,16
larepublica.pe,193,0.07367466644919599,0.07772020725388601,0.046632124352331605,15,9
www.pcmag.com,47,0.0735231358954247,0.0851063829787234,0.0425531914893617,4,2
www.washingtonpost.com,24,0.0728614330291748,0.125,0.0,3,0
eltiempomx.com,20,0.07284650802612305,0.1,0.05,2,1
thefacts.com,26,0.07253734882061298,0.07692307692307693,0.0,2,0
www.deccanherald.com,97,0.07209476982195352,0.10309278350515463,0.07216494845360824,10,7
jp.investing.com,110,0.07166335365988992,0.10909090909090909,0.05454545454545454,12,6
www.latestly.com,35,0.07084813799176898,0.11428571428571428,0.0,4,0
www.pennlive.com,53,0.07055883587531324,0.07547169811320754,0.0,4,0
social.kyiv.dcomm.net.ua,50,0.07039535522460938,0.06,0.04,3,2
www.rfi.fr,41,0.07025327915098609,0.07317073170731707,0.14634146341463414,3,6
www.skynews.com.au,26,0.06972892467792217,0.11538461538461539,0.038461538461538464,3,1
de.investing.com,116,0.06953670238626414,0.10344827586206896,0.06896551724137931,12,8
news.ycombinator.com,3037,0.0694421517601679,0.09911096476786302,0.05498847546921304,301,167
fr.investing.com,91,0.06911397242284083,0.07692307692307693,0.04395604395604396,7,4
www.novosti.rs,80,0.06890454292297363,0.075,0.0125,6,1
www.caraotadigital.net,26,0.06850455357478215,0.11538461538461539,0.11538461538461539,3,3
www.dnews.gr,41,0.06827663793796446,0.0975609756097561,0.024390243902439025,4,1
www.foxnews.com,70,0.06803250994001116,0.12857142857142856,0.05714285714285714,9,4
www.brandonsun.com,38,0.06781748721474096,0.07894736842105263,0.10526315789473684,3,4
www.20min.ch,24,0.06775399049123128,0.08333333333333333,0.041666666666666664,2,1
www.bild.de,84,0.06762693041846865,0.09523809523809523,0.011904761904761904,8,1
discuss.tchncs.de,53,0.06748314623562794,0.11320754716981132,0.018867924528301886,6,1
www.openpr.com,246,0.06729874959806116,0.10569105691056911,0.10569105691056911,26,26
www.cadillacnews.com,128,0.06670916080474854,0.078125,0.0859375,10,11
herald-review.com,42,0.06610402606782459,0.07142857142857142,0.0,3,0
elpopular.pe,46,0.0657384499259617,0.08695652173913043,0.0,4,0
medan.tribunnews.com,61,0.06521734644155033,0.06557377049180328,0.06557377049180328,4,4
www.abc.net.au,91,0.0649657930646624,0.07692307692307693,0.03296703296703297,7,3
www.news-gazette.com,138,0.06426936992700549,0.07246376811594203,0.057971014492753624,10,8
glavcom.ua,44,0.06387684561989525,0.09090909090909091,0.06818181818181818,4,3
de.rt.com,22,0.06344344399192116,0.09090909090909091,0.0,2,0
ua.korrespondent.net,31,0.06274094120148689,0.06451612903225806,0.0,2,0
au.investing.com,132,0.06231215505888968,0.08333333333333333,0.13636363636363635,11,18
www.almanar.com.lb,49,0.0615048311194595,0.061224489795918366,0.04081632653061224,3,2
www.liberoquotidiano.it,56,0.06092837878635952,0.07142857142857142,0.017857142857142856,4,1
www.cbs17.com,54,0.06091916119610822,0.09259259259259259,0.037037037037037035,5,2
www.alquds.co.uk,112,0.06081148556300572,0.08928571428571429,0.07142857142857142,10,8
www.tagesspiegel.de,40,0.06067545413970947,0.075,0.0,3,0
www.greenevillesun.com,22,0.06059429862282493,0.09090909090909091,0.09090909090909091,2,2
www.mediafax.ro,28,0.060542549405779154,0.07142857142857142,0.14285714285714285,2,4
vn.investing.com,45,0.06004180908203125,0.06666666666666667,0.06666666666666667,3,3
mondo.rs,62,0.05999023683609501,0.12903225806451613,0.0967741935483871,8,6
thefrontierpost.com,39,0.05965345333784054,0.05128205128205128,0.02564102564102564,2,1
www.telegraaf.nl,35,0.05941456386021205,0.05714285714285714,0.05714285714285714,2,2
eco.sapo.pt,26,0.058608605311467096,0.07692307692307693,0.0,2,0
www.pobjeda.me,21,0.05860828218005952,0.047619047619047616,0.0,1,0
www.berlingske.dk,26,0.058067615215594955,0.07692307692307693,0.07692307692307693,2,2
www.livemint.com,34,0.057495958664838004,0.058823529411764705,0.0,2,0
censor.net,52,0.05710436747624324,0.057692307692307696,0.019230769230769232,3,1
www.manilatimes.net,75,0.05696950276692708,0.05333333333333334,0.04,4,3
www.syracuse.com,33,0.05638113888827237,0.12121212121212122,0.06060606060606061,4,2
tldr.nettime.org,21,0.055988493419828866,0.14285714285714285,0.23809523809523808,3,5
war.obozrevatel.com,35,0.05568951198032924,0.05714285714285714,0.05714285714285714,2,2
nypost.com,130,0.05537765943087064,0.1076923076923077,0.023076923076923078,14,3
www.nwahomepage.com,62,0.055373130306120844,0.06451612903225806,0.016129032258064516,4,1
www.tehrantimes.com,22,0.05504478107799183,0.045454545454545456,0.0,1,0
reporteconfidencial.info,24,0.055034796396891274,0.041666666666666664,0.0,1,0
news.obozrevatel.com,31,0.05498953788511215,0.0967741935483871,0.0,3,0
petel.bg,54,0.05465724733140734,0.09259259259259259,0.018518518518518517,5,1
www.lankadeepa.lk,25,0.0545733642578125,0.04,0.0,1,0
www.wcpo.com,28,0.054552316665649414,0.10714285714285714,0.03571428571428571,3,1
www.walesonline.co.uk,27,0.05430465274386936,0.07407407407407407,0.0,2,0
www.dailyitem.com,199,0.054280630907221655,0.07035175879396985,0.01507537688442211,14,3
sopuli.xyz,34,0.05403255013858571,0.058823529411764705,0.0,2,0
globegazette.com,20,0.05395803451538086,0.05,0.0,1,0
www.alo.rs,105,0.05391778491792225,0.06666666666666667,0.08571428571428572,7,9
pontianak.tribunnews.com,20,0.05354385375976563,0.05,0.0,1,0
reddit.com,319444,0.053506949733041945,0.06602409185960606,0.027607342758042098,21091,8819
www.stern.de,105,0.05324046725318545,0.06666666666666667,0.047619047619047616,7,5
www.rollingstone.com,35,0.05317971365792411,0.05714285714285714,0.11428571428571428,2,4
www.timescolonist.com,96,0.05295358101526896,0.07291666666666667,0.010416666666666666,7,1
news.google.com,288,0.05292783180872599,0.08333333333333333,0.0763888888888889,24,22
uk.investing.com,122,0.052612335955510375,0.07377049180327869,0.09836065573770492,9,12
urdu.siasat.com,31,0.0525360107421875,0.06451612903225806,0.0,2,0
www.panorama.com.al,53,0.05154845399676629,0.07547169811320754,0.018867924528301886,4,1
www.sharghdaily.com,37,0.05143469733160895,0.08108108108108109,0.02702702702702703,3,1
senego.com,36,0.05133888456556532,0.08333333333333333,0.1111111111111111,3,4
www.egypt-today.com,20,0.050949811935424805,0.05,0.0,1,0
www.iltempo.it,28,0.050822939191545756,0.03571428571428571,0.07142857142857142,1,2
www.landbote.ch,26,0.05080193739670973,0.07692307692307693,0.038461538461538464,2,1
www.idnes.cz,48,0.050323943297068276,0.08333333333333333,0.020833333333333332,4,1
www.newschannel5.com,23,0.049996832142705505,0.08695652173913043,0.08695652173913043,2,2
dnevnik.hr,29,0.0496411159120757,0.10344827586206896,0.034482758620689655,3,1
www.vice.com,23,0.04934916288956352,0.043478260869565216,0.08695652173913043,1,2
www.irishmirror.ie,21,0.04900469098772321,0.047619047619047616,0.0,1,0
hk.investing.com,79,0.0489260516589201,0.08860759493670886,0.11392405063291139,7,9
www.nation.lk,21,0.0487849371773856,0.047619047619047616,0.0,1,0
ryukyushimpo.jp,48,0.04870295524597168,0.0625,0.0,3,0
www.tf1info.fr,55,0.048487368496981535,0.05454545454545454,0.05454545454545454,3,3
pagesix.com,29,0.04819804224474677,0.06896551724137931,0.0,2,0
www.chosun.com,36,0.048043780856662326,0.027777777777777776,0.027777777777777776,1,1
www.quotidiano.net,22,0.04791025681929155,0.045454545454545456,0.0,1,0
www.sd.rs,94,0.04767141950891373,0.0425531914893617,0.031914893617021274,4,3
www.ibtimes.com,40,0.04752635955810547,0.075,0.025,3,1
www.farodevigo.es,83,0.047344380114451946,0.10843373493975904,0.012048192771084338,9,1
www.kvue.com,42,0.04721303213210333,0.047619047619047616,0.023809523809523808,2,1
www.theguardian.com,83,0.04715944772743317,0.04819277108433735,0.024096385542168676,4,2
www.eagletribune.com,150,0.04713818868001302,0.06,0.04,9,6
www.tmj4.com,24,0.046988884607950844,0.08333333333333333,0.041666666666666664,2,1
www.derbund.ch,31,0.046445969612367695,0.06451612903225806,0.06451612903225806,2,2
www.woonsocketcall.com,46,0.04633493008820907,0.08695652173913043,0.021739130434782608,4,1
belta.by,20,0.04591054916381836,0.05,0.0,1,0
www.fardanews.com,46,0.045892010564389435,0.06521739130434782,0.021739130434782608,3,1
www.fool.ca,20,0.04520082473754883,0.05,0.05,1,1
vz.ru,29,0.04515549232219827,0.034482758620689655,0.034482758620689655,1,1
www.tagesanzeiger.ch,20,0.04515538215637207,0.1,0.05,2,1
www.abc4.com,25,0.04508399963378906,0.04,0.0,1,0
nemzetisport.hu,24,0.044884840647379555,0.041666666666666664,0.0,1,0
www.wgrz.com,23,0.04455918851106063,0.043478260869565216,0.0,1,0
www.sport.es,26,0.04437076128446139,0.07692307692307693,0.15384615384615385,2,4
www.starbeacon.com,23,0.04434029952339504,0.08695652173913043,0.0,2,0
www.indianagazette.com,28,0.043887547084263394,0.03571428571428571,0.0,1,0
www.actualno.com,75,0.04360260009765625,0.05333333333333334,0.04,4,3
www.reddit.com,837579,0.0435237215361446,0.05363673157994649,0.022186563894271465,44925,18583
www.nzz.ch,28,0.0434680666242327,0.03571428571428571,0.07142857142857142,1,2
ca.finance.yahoo.com,79,0.04343597798407832,0.05063291139240506,0.06329113924050633,4,5
www.marinij.com,57,0.04340606823302152,0.07017543859649122,0.017543859649122806,4,1
www.cronista.com,29,0.043125941835600756,0.034482758620689655,0.0,1,0
www.lasicilia.it,91,0.04308334811703189,0.04395604395604396,0.01098901098901099,4,1
starherald.com,26,0.042505851158728965,0.038461538461538464,0.0,1,0
cyprustimes.com,27,0.04248612015335648,0.037037037037037035,0.037037037037037035,1,1
www.blesk.cz,22,0.042480121959339485,0.13636363636363635,0.09090909090909091,3,2
www.kgun9.com,29,0.04240759487809806,0.06896551724137931,0.10344827586206896,2,3
www.nacion.com,38,0.04236146023398951,0.07894736842105263,0.02631578947368421,3,1
www.newsit.gr,88,0.042361302809281784,0.03409090909090909,0.011363636363636364,3,1
www.nj.com,88,0.042108676650307396,0.045454545454545456,0.022727272727272728,4,2
www.newsweek.com,164,0.042107401824579005,0.06097560975609756,0.042682926829268296,10,7
www.techradar.com,20,0.04210653305053711,0.1,0.05,2,1
www.aletihad.ae,26,0.04206635401799129,0.11538461538461539,0.11538461538461539,3,3
tylerpaper.com,40,0.041768217086791994,0.075,0.025,3,1
www.metroworldnews.com.br,28,0.04167945044381278,0.03571428571428571,0.0,1,0
www.dailyjanakantha.com,35,0.04157943725585937,0.05714285714285714,0.05714285714285714,2,2
auburnpub.com,25,0.04142864227294922,0.04,0.0,1,0
www.dailynews.lk,91,0.041303404084928746,0.06593406593406594,0.04395604395604396,6,4
www.hespress.com,38,0.0412761788619192,0.05263157894736842,0.0,2,0
keralakaumudi.com,228,0.04104045817726537,0.04824561403508772,0.07456140350877193,11,17
www.yoursun.com,69,0.04099638565726902,0.043478260869565216,0.043478260869565216,3,3
economictimes.indiatimes.com,77,0.0409077483338195,0.09090909090909091,0.07792207792207792,7,6
www.israelhayom.co.il,36,0.04086928897433811,0.05555555555555555,0.05555555555555555,2,2
cumberlink.com,32,0.040862202644348145,0.03125,0.03125,1,1
www.bozemandailychronicle.com,50,0.04060409545898438,0.04,0.0,2,0
www.deia.eus,40,0.04037091732025146,0.05,0.075,2,3
www.enidnews.com,72,0.04026510980394152,0.05555555555555555,0.027777777777777776,4,2
www.12news.com,30,0.04024146397908528,0.03333333333333333,0.03333333333333333,1,1
www.businessinsider.com,71,0.04011469827571385,0.04225352112676056,0.028169014084507043,3,2
www.dv.is,27,0.04010083940294054,0.037037037037037035,0.0,1,0
news.knowledia.com,890,0.03995093442081066,0.051685393258426963,0.0348314606741573,46,31
www.whig.com,62,0.0399424183753229,0.06451612903225806,0.06451612903225806,4,4
www.liputan6.com,26,0.03986314626840445,0.07692307692307693,0.07692307692307693,2,2
lufkindailynews.com,123,0.03973567776563691,0.04065040650406504,0.04065040650406504,5,5
www.realitatea.net,61,0.039717658621365906,0.04918032786885246,0.0,3,0
www.abc15.com,22,0.0396554253318093,0.045454545454545456,0.045454545454545456,1,1
www.gazettextra.com,172,0.039292834525884585,0.046511627906976744,0.03488372093023256,8,6
www.naftemporiki.gr,34,0.03920720605289235,0.08823529411764706,0.058823529411764705,3,2
www.jonesborosun.com,50,0.03908758163452149,0.04,0.0,2,0
www.dailyrecordnews.com,68,0.03908502354341395,0.058823529411764705,0.029411764705882353,4,2
www.nzherald.co.nz,43,0.039039789244186045,0.046511627906976744,0.023255813953488372,2,1
www.echo-news.co.uk,27,0.03894735265661169,0.037037037037037035,0.0,1,0
www.ed.nl,84,0.038862909589494975,0.03571428571428571,0.03571428571428571,3,3
www.premiumtimesng.com,22,0.038840380581942474,0.045454545454545456,0.0,1,0
www.caledonianrecord.com,107,0.03879088107670579,0.056074766355140186,0.009345794392523364,6,1
www.sundayobserver.lk,60,0.03870781262715658,0.05,0.03333333333333333,3,2
lemmy.zip,47,0.03847063348648396,0.06382978723404255,0.0425531914893617,3,2
forocoches.com,5038,0.03804602780101696,0.046248511314013495,0.02203255260023819,233,111
www.nosdiario.gal,44,0.03769644823941318,0.045454545454545456,0.06818181818181818,2,3
www.stuttgarter-zeitung.de,25,0.03761798858642578,0.04,0.0,1,0
www.express.pk,43,0.03754189957019895,0.046511627906976744,0.023255813953488372,2,1
www.okinawatimes.co.jp,55,0.037181576815518466,0.03636363636363636,0.0,2,0
cn.investing.com,101,0.03681751288989983,0.039603960396039604,0.0594059405940594,4,6
s.alwakeelnews.com,43,0.03680528596390125,0.023255813953488372,0.0,1,0
www.thesun.co.uk,74,0.03671165414758631,0.04054054054054054,0.0,3,0
www.joplinglobe.com,101,0.036678673017143025,0.04950495049504951,0.019801980198019802,5,2
www.union-bulletin.com,78,0.036667261368189104,0.038461538461538464,0.0,3,0
wiadomosci.gazeta.pl,28,0.0364969117300851,0.03571428571428571,0.0,1,0
www.protothema.gr,120,0.036380894978841144,0.03333333333333333,0.0,4,0
www.nwitimes.com,31,0.03633689880371094,0.03225806451612903,0.0,1,0
www.hs.fi,38,0.036288010446648845,0.05263157894736842,0.10526315789473684,2,4
www.amarujala.com,1668,0.03627986244732242,0.03237410071942446,0.03177458033573141,54,53
www.op-online.de,25,0.03625282287597656,0.04,0.0,1,0
www.iefimerida.gr,84,0.036196697325933544,0.047619047619047616,0.023809523809523808,4,2
www.hln.be,72,0.03618735737270779,0.041666666666666664,0.041666666666666664,3,3
www.newsbomb.gr,93,0.036181070471322664,0.043010752688172046,0.0,4,0
www.nordbayern.de,26,0.03608505542461689,0.038461538461538464,0.0,1,0
www.elnacional.com,31,0.03568821568642893,0.06451612903225806,0.06451612903225806,2,2
www.danas.rs,71,0.035681402179556836,0.028169014084507043,0.014084507042253521,2,1
www.newsargus.com,46,0.035577856976052986,0.06521739130434782,0.043478260869565216,3,2
www.vecernji.hr,63,0.03542452009897384,0.06349206349206349,0.031746031746031744,4,2
hi.investing.com,52,0.03536708538348858,0.057692307692307696,0.019230769230769232,3,1
www.vg.hu,33,0.03522266041148792,0.09090909090909091,0.06060606060606061,3,2
www.canoncitydailyrecord.com,39,0.03511181855813051,0.05128205128205128,0.0,2,0
www.adnkronos.com,31,0.03500750757032825,0.03225806451612903,0.03225806451612903,1,1
www.beloitdailynews.com,70,0.03493889399937221,0.05714285714285714,0.04285714285714286,4,3
www.itemonline.com,28,0.03482086317879813,0.03571428571428571,0.0,1,0
www.tanea.gr,23,0.034760848335597824,0.08695652173913043,0.043478260869565216,2,1
www.haber7.com,46,0.03448109004808509,0.043478260869565216,0.021739130434782608,2,1
www.nocutnews.co.kr,25,0.0344622802734375,0.0,0.0,0,0
www.ad.nl,64,0.034315139055252075,0.03125,0.046875,2,3
arabi21.com,25,0.03415931701660156,0.04,0.0,1,0
mastodonts.se,31,0.03406180104901714,0.0,0.03225806451612903,0,1
www.nydailynews.com,38,0.03402481581035413,0.05263157894736842,0.0,2,0
comicbook.com,28,0.03401129586356027,0.03571428571428571,0.03571428571428571,1,1
lat.sputnikportal.rs,45,0.033952691819932726,0.06666666666666667,0.06666666666666667,3,3
sportday.gr,35,0.033876255580357145,0.02857142857142857,0.0,1,0
www.victoriaadvocate.com,146,0.03375854884108452,0.0410958904109589,0.06164383561643835,6,9
www.ethnos.gr,63,0.03369880857921782,0.031746031746031744,0.0,2,0
www.dnoticias.pt,35,0.03351375034877232,0.02857142857142857,0.0,1,0
www.belfastlive.co.uk,20,0.03331141471862793,0.1,0.05,2,1
pantagraph.com,44,0.03326914527199485,0.022727272727272728,0.045454545454545456,1,2
programming.dev,52,0.03321671485900879,0.038461538461538464,0.0,2,0
www.newspressnow.com,298,0.03310320681373545,0.0436241610738255,0.02348993288590604,13,7
t24.com.tr,66,0.0329789248379794,0.030303030303030304,0.015151515151515152,2,1
www.baltimoresun.com,64,0.03280828893184662,0.046875,0.015625,3,1
www.yjc.ir,40,0.03273420333862305,0.025,0.0,1,0
www.akhbarona.com,34,0.032693161683924055,0.08823529411764706,0.0,3,0
columbustelegram.com,20,0.032575035095214845,0.05,0.1,1,2
ru.investing.com,91,0.03250333765050867,0.03296703296703297,0.0,3,0
www.bndestem.nl,62,0.03245387538786857,0.03225806451612903,0.016129032258064516,2,1
www.aftonbladet.se,47,0.03241283335584275,0.0425531914893617,0.0,2,0
social.heise.de,29,0.03227431198646282,0.06896551724137931,0.06896551724137931,2,2
www.thedailybeast.com,31,0.03222363994967553,0.0967741935483871,0.03225806451612903,3,1
www.laopiniondemalaga.es,73,0.03213647293717894,0.0684931506849315,0.0,5,0
www.watoday.com.au,34,0.031965928919175095,0.058823529411764705,0.029411764705882353,2,1
www.bd.nl,93,0.03193796834638042,0.03225806451612903,0.043010752688172046,3,4
www.stuff.co.nz,40,0.03173975944519043,0.05,0.05,2,2
www.sudouest.fr,44,0.03167408162897283,0.045454545454545456,0.022727272727272728,2,1
www.irishtimes.com,28,0.03149441310337612,0.07142857142857142,0.07142857142857142,2,2
www.romesentinel.com,49,0.03143843825982542,0.02040816326530612,0.02040816326530612,1,1
www.news-journal.com,90,0.0312854872809516,0.03333333333333333,0.07777777777777778,3,7
www.theadvocate.com,87,0.031052293448612607,0.011494252873563218,0.0,1,0
www.svd.se,27,0.03097728446677879,0.037037037037037035,0.037037037037037035,1,1
ca.style.yahoo.com,29,0.03097027745740167,0.06896551724137931,0.0,2,0
leadership.ng,22,0.03092106905850497,0.045454545454545456,0.0,1,0
www.sigmalive.com,21,0.030687332153320312,0.047619047619047616,0.09523809523809523,1,2
fox5sandiego.com,20,0.030571651458740235,0.05,0.1,1,2
www.goskagit.com,79,0.03056021581722211,0.05063291139240506,0.012658227848101266,4,1
www.elkharttruth.com,37,0.030413679174474767,0.05405405405405406,0.02702702702702703,2,1
www.dailymail.co.uk,267,0.030275909195232036,0.026217228464419477,0.011235955056179775,7,3
www.laverdad.es,48,0.030190348625183105,0.020833333333333332,0.08333333333333333,1,4
www.aydinlik.com.tr,58,0.030166099811422414,0.017241379310344827,0.017241379310344827,1,1
www.wyomingnews.com,46,0.029966478762419327,0.043478260869565216,0.06521739130434782,2,3
informer.rs,118,0.029930817878852458,0.03389830508474576,0.01694915254237288,4,2
www.star.com.tr,55,0.029930773648348723,0.03636363636363636,0.01818181818181818,2,1
www.mynet.com,27,0.0299277835422092,0.037037037037037035,0.0,1,0
www.thehindu.com,115,0.029796044722847317,0.02608695652173913,0.008695652173913044,3,1
mastodon.hongkongers.net,132,0.02978157274650805,0.022727272727272728,0.030303030303030304,3,4
politiken.dk,43,0.029749182767646258,0.046511627906976744,0.023255813953488372,2,1
www.reuters.com,132,0.029608661478216,0.022727272727272728,0.015151515151515152,3,2
www.elfinanciero.com.mx,61,0.02958382153120197,0.03278688524590164,0.0,2,0
www.newsis.com,87,0.029582144200116737,0.034482758620689655,0.04597701149425287,3,4
www.eltiempo.com,156,0.029561696908412836,0.05128205128205128,0.019230769230769232,8,3
www.haberler.com,41,0.02956139169088224,0.04878048780487805,0.0,2,0
tvi.iol.pt,37,0.029431214203705657,0.05405405405405406,0.02702702702702703,2,1
www.noticiasdegipuzkoa.eus,51,0.02934096841251149,0.0392156862745098,0.0392156862745098,2,2
www.bhaskar.com,36,0.029248555501302082,0.05555555555555555,0.027777777777777776,2,1
thewest.com.au,75,0.02923773447672526,0.02666666666666667,0.013333333333333334,2,1
www.eldiario.com.co,29,0.029174442948966192,0.0,0.0,0,0
www.semana.com,90,0.02895657221476237,0.06666666666666667,0.03333333333333333,6,3
www.wvtm13.com,21,0.028934115455264135,0.047619047619047616,0.0,1,0
www.sportingnews.com,90,0.028815778096516927,0.03333333333333333,0.011111111111111112,3,1
www.kcra.com,25,0.028518638610839843,0.04,0.0,1,0
www.wfla.com,38,0.028435054578279193,0.05263157894736842,0.05263157894736842,2,2
regnum.ru,39,0.02813828297150441,0.02564102564102564,0.0,1,0
www.gsp.ro,43,0.02811387527820676,0.0,0.046511627906976744,0,2
www.bluemountainsgazette.com.au,43,0.027771994125011357,0.023255813953488372,0.0,1,0
www.informador.mx,84,0.02759173938206264,0.03571428571428571,0.011904761904761904,3,1
timesofindia.indiatimes.com,659,0.027116613431476137,0.028831562974203338,0.025796661608497723,19,17
www.mankatofreepress.com,124,0.027095240931357106,0.04032258064516129,0.04838709677419355,5,6
www.expreso.ec,62,0.027072337365919543,0.06451612903225806,0.04838709677419355,4,3
www.jamaicaobserver.com,26,0.027040408207820013,0.038461538461538464,0.07692307692307693,1,2
metro.co.uk,44,0.026852087541060013,0.022727272727272728,0.0,1,0
sawaleif.com,20,0.02678813934326172,0.05,0.05,1,1
www.elperiodicomediterraneo.com,87,0.026748854538490033,0.034482758620689655,0.0,3,0
www.kalerkantho.com,389,0.02674049093055235,0.02313624678663239,0.02570694087403599,9,10
www.annistonstar.com,32,0.02668529748916626,0.03125,0.09375,1,3
www.extra.ec,39,0.026643655239007413,0.02564102564102564,0.0,1,0
www.maariv.co.il,34,0.026615759905646828,0.029411764705882353,0.11764705882352941,1,4
www.thesun.ie,110,0.026600421558726918,0.02727272727272727,0.01818181818181818,3,2
www.readingeagle.com,42,0.026477563948858352,0.023809523809523808,0.0,1,0
cnnespanol.cnn.com,63,0.026456878298804873,0.031746031746031744,0.031746031746031744,2,2
www.merkur.de,89,0.02627470252219211,0.02247191011235955,0.011235955056179775,2,1
www.iolaregister.com,46,0.026259795479152515,0.043478260869565216,0.043478260869565216,2,2
www.rcnradio.com,66,0.02614889722881895,0.015151515151515152,0.030303030303030304,1,2
nationalpost.com,20,0.026090335845947266,0.05,0.0,1,0
www.register-herald.com,76,0.02602337536058928,0.02631578947368421,0.039473684210526314,2,3
udn.com,159,0.02598346254360751,0.031446540880503145,0.03773584905660377,5,6
www.rbc.ua,104,0.02595628224886381,0.04807692307692308,0.009615384615384616,5,1
www.lrt.lt,44,0.025761344216086647,0.06818181818181818,0.045454545454545456,3,2
arabic.rt.com,39,0.02570181626539964,0.05128205128205128,0.02564102564102564,2,1
themercury.com,47,0.025698986459285655,0.02127659574468085,0.0,1,0
www.thecouriertimes.com,33,0.02564291520552202,0.030303030303030304,0.09090909090909091,1,3
elcomercio.pe,85,0.02550503225887523,0.023529411764705882,0.023529411764705882,2,2
24.sapo.pt,49,0.025397767826002473,0.04081632653061224,0.0,2,0
www.hamshahrionline.ir,45,0.0253631591796875,0.06666666666666667,0.0,3,0
www.andhrajyothy.com,325,0.025284142127403847,0.021538461538461538,0.009230769230769232,7,3
www.kron4.com,29,0.025263457462705415,0.034482758620689655,0.034482758620689655,1,1
santamariatimes.com,140,0.025179828916277205,0.02142857142857143,0.04285714285714286,3,6
www.libertatea.ro,28,0.0251288754599435,0.03571428571428571,0.03571428571428571,1,1
index.hu,37,0.024972297049857473,0.05405405405405406,0.0,2,0
www.telecinco.es,51,0.024866085426480163,0.0392156862745098,0.0196078431372549,2,1
www.dakaractu.com,24,0.02468983332316081,0.041666666666666664,0.0,1,0
www.forbes.com,35,0.024560764857700892,0.02857142857142857,0.0,1,0
www.tgrthaber.com,30,0.02443523406982422,0.03333333333333333,0.0,1,0
www.wvnews.com,114,0.024151525999370375,0.008771929824561403,0.02631578947368421,1,3
www.ocregister.com,37,0.02412953247895112,0.02702702702702703,0.0,1,0
www.wsav.com,43,0.024082272551780522,0.023255813953488372,0.046511627906976744,1,2
www.bolsamania.com,23,0.02405975175940472,0.0,0.043478260869565216,0,1
medicalxpress.com,51,0.024010751761642156,0.0196078431372549,0.0,1,0
www.cnnturk.com,120,0.024003998438517252,0.025,0.0,3,0
www.zdnet.com,38,0.023552969882362766,0.05263157894736842,0.05263157894736842,2,2
iz.ru,42,0.023536273411342075,0.047619047619047616,0.0,2,0
finance.yahoo.com,31,0.023446021541472403,0.0,0.0967741935483871,0,3
www.the-express.com,42,0.023439861479259673,0.047619047619047616,0.023809523809523808,2,1
www.dailypress.com,39,0.023417203854291867,0.02564102564102564,0.07692307692307693,1,3
www.cleveland.com,60,0.023405075073242188,0.016666666666666666,0.06666666666666667,1,4
diamond.jp,97,0.023390189888551065,0.0,0.061855670103092786,0,6
www.zdf.de,20,0.023361778259277342,0.0,0.05,0,1
www.publimetro.cl,36,0.023299826516045466,0.027777777777777776,0.0,1,0
www.dailygazette.com,197,0.02329556712039231,0.030456852791878174,0.02030456852791878,6,4
www.eonline.com,52,0.023226499557495117,0.019230769230769232,0.0,1,0
kfor.com,34,0.02320261562571806,0.058823529411764705,0.029411764705882353,2,1
www.ynet.co.il,83,0.023186281502964985,0.024096385542168676,0.0,2,0
www.is.fi,52,0.023165060923649713,0.019230769230769232,0.0,1,0
www.aljazeera.com,27,0.023158320674189815,0.0,0.037037037037037035,0,1
www.guampdn.com,55,0.023076074773615056,0.03636363636363636,0.0,2,0
www.redbluffdailynews.com,49,0.023053597430793608,0.02040816326530612,0.0,1,0
www.laprovence.com,29,0.023035180979761583,0.034482758620689655,0.034482758620689655,1,1
www.sportime.gr,56,0.022750496864318848,0.017857142857142856,0.0,1,0
www.gmx.net,123,0.02273256410428179,0.024390243902439025,0.0,3,0
net.hr,89,0.022617715128352135,0.02247191011235955,0.0,2,0
gestion.pe,25,0.022560691833496092,0.04,0.0,1,0
www.postandcourier.com,188,0.022492444261591485,0.026595744680851064,0.010638297872340425,5,2
aif.ru,78,0.02246383520273062,0.038461538461538464,0.01282051282051282,3,1
www.urdupoint.com,40,0.022447919845581053,0.05,0.025,2,1
www.pravda.com.ua,37,0.022394180297851562,0.02702702702702703,0.02702702702702703,1,1
sa.investing.com,89,0.02239137285211113,0.011235955056179775,0.0,1,0
wiadomosci.onet.pl,43,0.02234183910281159,0.023255813953488372,0.0,1,0
www.timesnownews.com,73,0.02228036645340593,0.0136986301369863,0.0136986301369863,1,1
www.ctvnews.ca,34,0.022117025711957145,0.029411764705882353,0.029411764705882353,1,1
www.ntnews.com,214,0.02197581139680381,0.014018691588785047,0.014018691588785047,3,3
www.wn.de,53,0.021808210408912516,0.018867924528301886,0.018867924528301886,1,1
rg.ru,66,0.02177903146454782,0.030303030303030304,0.030303030303030304,2,2
www.vesti-online.com,20,0.02173275947570801,0.05,0.0,1,0
www.ensonhaber.com,51,0.02170413148169424,0.0196078431372549,0.0,1,0
ca.news.yahoo.com,213,0.02152643964883867,0.018779342723004695,0.0,4,0
www.perthnow.com.au,54,0.0214299272607874,0.018518518518518517,0.0,1,0
www.capital.gr,40,0.0213442325592041,0.05,0.075,2,3
www.hna.de,31,0.021227436680947582,0.03225806451612903,0.0,1,0
in.ign.com,61,0.021189971048323833,0.01639344262295082,0.04918032786885246,1,3
www.9news.com.au,22,0.02114070545543324,0.045454545454545456,0.045454545454545456,1,1
www.internethaber.com,29,0.021115072842301994,0.034482758620689655,0.0,1,0
actu.fr,84,0.020979903993152436,0.023809523809523808,0.0,2,0
donya-e-eqtesad.com,211,0.020973955850465603,0.02843601895734597,0.009478672985781991,6,2
www.chronicle-tribune.com,26,0.02096245839045598,0.038461538461538464,0.0,1,0
www.arabnews.pk,38,0.0209159349140368,0.02631578947368421,0.0,1,0
www.laprovincia.es,58,0.020867281946642644,0.034482758620689655,0.0,2,0
www.blikk.hu,55,0.02083235653963956,0.03636363636363636,0.01818181818181818,2,1
www.messenger-inquirer.com,45,0.020802222357855903,0.022222222222222223,0.0,1,0
www.krone.at,57,0.020769085800438597,0.017543859649122806,0.0,1,0
www.stuttgarter-nachrichten.de,45,0.020677206251356335,0.022222222222222223,0.0,1,0
www.diariodecadiz.es,25,0.020664215087890625,0.04,0.0,1,0
www.yenicaggazetesi.com.tr,68,0.020564864663516775,0.014705882352941176,0.014705882352941176,1,1
www.theepochtimes.com,64,0.020442277193069458,0.015625,0.015625,1,1
www.quadratin.com.mx,57,0.020363807678222656,0.017543859649122806,0.0,1,0
redir.folha.com.br,138,0.020319275234056557,0.028985507246376812,0.021739130434782608,4,3
www.bizjournals.com,231,0.02014641947560496,0.012987012987012988,0.004329004329004329,3,1
www.belfasttelegraph.co.uk,38,0.02013949344032689,0.02631578947368421,0.0,1,0
www.irna.ir,99,0.02013835521659466,0.030303030303030304,0.0,3,0
www.sozcu.com.tr,54,0.02012545974166305,0.018518518518518517,0.0,1,0
gazette.com,107,0.020084826745719552,0.009345794392523364,0.009345794392523364,1,1
ziare.com,26,0.02007469764122596,0.038461538461538464,0.0,1,0
www.tv3.lt,37,0.01985828296558277,0.02702702702702703,0.0,1,0
www.elfagr.org,124,0.019856129923174457,0.016129032258064516,0.016129032258064516,2,2
www.zeit.de,59,0.019579903554108182,0.01694915254237288,0.0,1,0
www.takvim.com.tr,26,0.019384164076585036,0.0,0.038461538461538464,0,1
www.smh.com.au,61,0.01933770101578509,0.01639344262295082,0.01639344262295082,1,1
www.noticiasaominuto.com,122,0.01933065007944576,0.01639344262295082,0.00819672131147541,2,1
agenciabrasil.ebc.com.br,39,0.019222161708733976,0.02564102564102564,0.02564102564102564,1,1
www.heraldpalladium.com,36,0.01917854944864909,0.027777777777777776,0.05555555555555555,1,2
www.independent.co.uk,112,0.01916616303580148,0.017857142857142856,0.0,2,0
www.orlandosentinel.com,53,0.019072424690678436,0.018867924528301886,0.0,1,0
www.gamespot.com,28,0.018916777202061245,0.03571428571428571,0.07142857142857142,1,2
www.dnes.bg,44,0.018886110999367454,0.045454545454545456,0.06818181818181818,2,3
www.unionesarda.it,57,0.01888542844538103,0.03508771929824561,0.03508771929824561,2,2
1prime.ru,20,0.018830394744873045,0.05,0.05,1,1
redgol.cl,75,0.018809839884440103,0.013333333333333334,0.013333333333333334,1,1
www.cumhuriyet.com.tr,59,0.01880910841085143,0.01694915254237288,0.0,1,0
sicnoticias.pt,39,0.018712166028145034,0.02564102564102564,0.02564102564102564,1,1
maisfutebol.iol.pt,24,0.01870397726694743,0.041666666666666664,0.0,1,0
www.levante-emv.com,74,0.018593311309814453,0.013513513513513514,0.08108108108108109,1,6
www.hbvl.be,80,0.01853945255279541,0.025,0.0125,2,1
www.noticiasdenavarra.com,86,0.018526232519815135,0.011627906976744186,0.011627906976744186,1,1
sports.chosun.com,29,0.018477341224407327,0.0,0.0,0,0
www.hjnews.com,36,0.01844983630710178,0.0,0.08333333333333333,0,3
www.nouvelobs.com,24,0.018420696258544922,0.0,0.0,0,0
www.granadahoy.com,29,0.01842028519202923,0.034482758620689655,0.0,1,0
www.hindutamil.in,20,0.018341732025146485,0.0,0.0,0,0
www3.nhk.or.jp,20,0.01826820373535156,0.0,0.05,0,1
www.newsshopper.co.uk,27,0.018252514026783132,0.037037037037037035,0.07407407407407407,1,2
www.mirror.co.uk,103,0.01819251347514032,0.019417475728155338,0.0,2,0
www.gnlm.com.mm,26,0.018133016733022835,0.038461538461538464,0.0,1,0
www.theage.com.au,45,0.018102476331922742,0.022222222222222223,0.044444444444444446,1,2
www.publico.es,54,0.017869225254765263,0.018518518518518517,0.018518518518518517,1,1
www.independent.ie,32,0.017837941646575928,0.03125,0.03125,1,1
www.yankton.net,53,0.017834897311228625,0.0,0.05660377358490566,0,3
esporte.ig.com.br,71,0.017682800830250055,0.014084507042253521,0.0,1,0
www.tz.de,106,0.01766683470528081,0.0,0.018867924528301886,0,2
unn.ua,36,0.017639636993408203,0.05555555555555555,0.05555555555555555,2,2
www.newsru.co.il,20,0.017633819580078126,0.05,0.05,1,1
www.chronicleonline.com,123,0.017590243641923114,0.024390243902439025,0.0,3,0
valor.globo.com,82,0.017536523865490424,0.024390243902439025,0.024390243902439025,2,2
einvestidor.estadao.com.br,57,0.01750551190292626,0.03508771929824561,0.017543859649122806,2,1
www.saanichnews.com,21,0.017438979375930058,0.0,0.09523809523809523,0,2
fakti.bg,60,0.017419862747192382,0.016666666666666666,0.03333333333333333,1,2
jordantimes.com,24,0.017335891723632812,0.041666666666666664,0.0,1,0
www.thescottishsun.co.uk,100,0.017226829528808593,0.01,0.0,1,0
411mania.com,52,0.017206320395836465,0.019230769230769232,0.0,1,0
www.odatv.com,21,0.01707858131045387,0.047619047619047616,0.047619047619047616,1,1
www.lne.es,100,0.01704829216003418,0.03,0.04,3,4
www.globenewswire.com,94,0.017009166961020613,0.010638297872340425,0.0,1,0
www.ivpressonline.com,92,0.01694755968840226,0.010869565217391304,0.043478260869565216,1,4
www.expansion.com,24,0.01688989003499349,0.0,0.0,0,0
www.thestar.com,180,0.016889444986979165,0.005555555555555556,0.05555555555555555,1,10
www.prothomalo.com,26,0.016864776611328125,0.0,0.038461538461538464,0,1
www.sfexaminer.com,76,0.016821246398122686,0.013157894736842105,0.02631578947368421,1,2
arynews.tv,20,0.016802358627319335,0.0,0.0,0,0
eluniverso.com,120,0.016750097274780273,0.03333333333333333,0.008333333333333333,4,1
rp-online.de,46,0.0166333240011464,0.021739130434782608,0.0,1,0
protathlima.cyprustimes.com,39,0.016582244481795873,0.02564102564102564,0.0,1,0
www.upi.com,45,0.016576004028320313,0.022222222222222223,0.0,1,0
www.ammonnews.net,38,0.016520550376490542,0.0,0.05263157894736842,0,2
trud.bg,37,0.016518128884805215,0.02702702702702703,0.0,1,0
www.redditchadvertiser.co.uk,22,0.016410914334383877,0.045454545454545456,0.045454545454545456,1,1
www.stheadline.com,192,0.016318991780281067,0.020833333333333332,0.015625,4,3
www.ksta.de,46,0.016300450200619904,0.021739130434782608,0.0,1,0
www.laopinioncoruna.es,80,0.016194987297058105,0.0125,0.075,1,6
www.metrosport.gr,76,0.016188596424303557,0.013157894736842105,0.013157894736842105,1,1
haqqin.az,33,0.016162901213674835,0.030303030303030304,0.030303030303030304,1,1
www.diariocordoba.com,88,0.0161197077144276,0.022727272727272728,0.06818181818181818,2,6
www.brisbanetimes.com.au,65,0.016079447819636418,0.0,0.015384615384615385,0,1
www.karar.com,81,0.015987937833056038,0.024691358024691357,0.0,2,0
www.mehrnews.com,104,0.015849599471459024,0.019230769230769232,0.028846153846153848,2,3
theconversation.com,21,0.015776134672619048,0.0,0.0,0,0
www.navhindtimes.in,23,0.01577211462933084,0.0,0.0,0,0
www.estadao.com.br,122,0.015740816710425206,0.01639344262295082,0.00819672131147541,2,1
www.bordercountiesadvertizer.co.uk,33,0.01572423992734967,0.030303030303030304,0.06060606060606061,1,2
www.elespanol.com,97,0.015704282780283504,0.010309278350515464,0.010309278350515464,1,1
www.adn40.mx,51,0.015668027541216684,0.0196078431372549,0.0392156862745098,1,2
www.emporiagazette.com,31,0.015627891786636844,0.0,0.06451612903225806,0,2
www.hastingstribune.com,119,0.015529031513117943,0.008403361344537815,0.05042016806722689,1,6
www.swoknews.com,129,0.015501244123591933,0.015503875968992248,0.007751937984496124,2,1
eldia.com.do,37,0.01530404993005701,0.0,0.05405405405405406,0,2
www.unian.ua,44,0.015271035107699308,0.022727272727272728,0.022727272727272728,1,1
www.postguam.com,64,0.015266656875610352,0.015625,0.0,1,0
www.bfmtv.com,192,0.015249987443288168,0.015625,0.020833333333333332,3,4
www.gazetteherald.co.uk,23,0.015214090761931046,0.043478260869565216,0.043478260869565216,1,1
www.nsnews.com,105,0.015213702973865328,0.0,0.06666666666666667,0,7
www.lavozdealmeria.com,32,0.015172690153121948,0.03125,0.0625,1,2
n1info.rs,58,0.015126573628392714,0.0,0.034482758620689655,0,2
www.ruhrnachrichten.de,36,0.01511775122748481,0.0,0.0,0,0
deadline.com,37,0.015090684632997255,0.02702702702702703,0.0,1,0
www.mbl.is,73,0.015080843886283979,0.0136986301369863,0.0,1,0
www.columbiagorgenews.com,61,0.015062207081278816,0.01639344262295082,0.0,1,0
www.freepressjournal.in,52,0.015020370483398438,0.019230769230769232,0.0,1,0
www.dailystar.co.uk,53,0.015015746062656618,0.018867924528301886,0.0,1,0
www.pakistantoday.com.pk,25,0.014992446899414062,0.0,0.0,0,0
www.oregonlive.com,40,0.01499037742614746,0.025,0.0,1,0
www.ndtv.com,21,0.014980406988234747,0.0,0.0,0,0
www.europe1.fr,41,0.014968081218440359,0.0,0.0,0,0
www.diariosur.es,88,0.014936078678477894,0.022727272727272728,0.022727272727272728,2,2
www.dinakaran.com,167,0.014922478955662894,0.005988023952095809,0.005988023952095809,1,1
www.salisburyjournal.co.uk,24,0.014901399612426758,0.041666666666666664,0.041666666666666664,1,1
www.sgvtribune.com,43,0.01483489191809366,0.023255813953488372,0.023255813953488372,1,1
www.postregister.com,87,0.014734640888784123,0.0,0.05747126436781609,0,5
www.rnz.co.nz,40,0.014682555198669433,0.025,0.05,1,2
news.mingpao.com,215,0.014620448267737101,0.009302325581395349,0.018604651162790697,2,4
www.elcorreo.com,46,0.014615597932235054,0.021739130434782608,0.0,1,0
www.eldiariomontanes.es,25,0.01460254669189453,0.04,0.04,1,1
il.investing.com,84,0.01453006835210891,0.0,0.0,0,0
www.masrawy.com,112,0.014509260654449463,0.008928571428571428,0.0,1,0
www.falmouthpacket.co.uk,27,0.014452263160988136,0.037037037037037035,0.037037037037037035,1,1
www.expressen.se,66,0.014358014771432587,0.030303030303030304,0.030303030303030304,2,2
www.hamhigh.co.uk,28,0.014351981026785714,0.03571428571428571,0.03571428571428571,1,1
tr.investing.com,49,0.014343650973573024,0.02040816326530612,0.0,1,0
www.ilfattoquotidiano.it,23,0.014336295749830164,0.0,0.0,0,0
wydarzenia.interia.pl,21,0.014263698032924108,0.0,0.0,0,0
www.en.etemaaddaily.com,38,0.014228620027240953,0.0,0.02631578947368421,0,1
www.ilmessaggero.it,25,0.014202499389648437,0.04,0.04,1,1
www.mercurynews.com,65,0.014169869056114783,0.0,0.03076923076923077,0,2
www.cnn.com,40,0.014159679412841797,0.0,0.025,0,1
www.laopiniondezamora.es,79,0.01414993141270891,0.012658227848101266,0.06329113924050633,1,5
hondudiario.com,22,0.014132976531982422,0.045454545454545456,0.045454545454545456,1,1
www.idahostatejournal.com,83,0.014069132058017225,0.0,0.024096385542168676,0,2
lenta.ru,102,0.013972095414703968,0.00980392156862745,0.00980392156862745,1,1
www.standartnews.com,39,0.01393875708946815,0.0,0.05128205128205128,0,2
abcnews.go.com,53,0.013872506483545844,0.0,0.03773584905660377,0,2
www.prnewswire.com,200,0.013857135772705078,0.02,0.015,4,3
www.dnronline.com,47,0.013819958301300698,0.02127659574468085,0.0425531914893617,1,2
www.huffpost.com,24,0.013793627421061197,0.0,0.041666666666666664,0,1
al-ain.com,84,0.01370753560747419,0.011904761904761904,0.047619047619047616,1,4
tocka.com.mk,30,0.013702011108398438,0.0,0.03333333333333333,0,1
www.dostor.org,276,0.013668374738831451,0.010869565217391304,0.0036231884057971015,3,1
alghad.com,30,0.01360324223836263,0.0,0.03333333333333333,0,1
www.burnabynow.com,123,0.013593479869811515,0.008130081300813009,0.04065040650406504,1,5
www.zougla.gr,52,0.013536783365102915,0.019230769230769232,0.038461538461538464,1,2
www.richmond-news.com,108,0.013531110904834888,0.0,0.046296296296296294,0,5
www.pressherald.com,34,0.013457186081830193,0.029411764705882353,0.0,1,0
www.pravda.ru,29,0.01341924996211611,0.034482758620689655,0.0,1,0
www.reformer.com,66,0.013402837695497456,0.015151515151515152,0.0,1,0
ktla.com,23,0.013360728388247282,0.0,0.0,0,0
phys.org,69,0.013327833535014719,0.014492753623188406,0.028985507246376812,1,2
www.elcorreoweb.es,56,0.013310415404183524,0.017857142857142856,0.0,1,0
nj1015.com,24,0.013253927230834961,0.0,0.041666666666666664,0,1
ominho.pt,29,0.013211513387745824,0.034482758620689655,0.0,1,0
www.clickondetroit.com,47,0.01320629931510763,0.0,0.02127659574468085,0,1
www.elperiodicoextremadura.com,89,0.01320187429363808,0.0,0.056179775280898875,0,5
www.elcolombiano.com,43,0.013191578000090843,0.0,0.0,0,0
www.15min.lt,27,0.013190834610550492,0.037037037037037035,0.037037037037037035,1,1
halktv.com.tr,82,0.013166648585621903,0.012195121951219513,0.0,1,0
www.vicnews.com,20,0.0131256103515625,0.0,0.05,0,1
www.dinamani.com,130,0.013083663353553186,0.0,0.007692307692307693,0,1
www.aa.com.tr,144,0.013059020042419434,0.013888888888888888,0.027777777777777776,2,4
www.dailynews.com,44,0.013032523068514738,0.022727272727272728,0.022727272727272728,1,1
entrelineas.com.mx,72,0.013026581870185005,0.027777777777777776,0.0,2,0
www.straitstimes.com,55,0.012959775057705967,0.01818181818181818,0.01818181818181818,1,1
www.babnet.net,30,0.012916183471679688,0.0,0.0,0,0
ar.hibapress.com,39,0.012831810193184095,0.02564102564102564,0.02564102564102564,1,1
www.nvdaily.com,23,0.012699210125467052,0.0,0.043478260869565216,0,1
www.informacion.es,23,0.012694027112877888,0.0,0.043478260869565216,0,1
www.wdtimes.com,46,0.012660524119501528,0.0,0.0,0,0
ekstrabladet.dk,52,0.012651443481445312,0.019230769230769232,0.0,1,0
www.ferplei.com,23,0.012615245321522589,0.0,0.0,0,0
hindi.theprint.in,55,0.012614267522638495,0.01818181818181818,0.0,1,0
www.themirror.com,40,0.01259753704071045,0.0,0.025,0,1
triblive.com,22,0.012563488700173119,0.0,0.0,0,0
www.adressa.no,25,0.012545127868652344,0.0,0.0,0,0
lemmy.sdf.org,34,0.012542668510885799,0.029411764705882353,0.029411764705882353,1,1
al3omk.com,24,0.012525280316670736,0.0,0.041666666666666664,0,1
www.ambito.com,74,0.012498765378384976,0.013513513513513514,0.0,1,0
ca.sports.yahoo.com,65,0.012462850717397837,0.015384615384615385,0.046153846153846156,1,3
kdhnews.com,31,0.012409548605642012,0.0,0.03225806451612903,0,1
magyarnemzet.hu,44,0.012390396811745384,0.0,0.0,0,0
www.theweek.in,32,0.012346208095550537,0.0,0.0,0,0
nv.ua,58,0.012345544223127693,0.017241379310344827,0.017241379310344827,1,1
www.mk.ru,63,0.012335489666651166,0.015873015873015872,0.015873015873015872,1,1
www.elvocero.com,43,0.01233395864797193,0.023255813953488372,0.0,1,0
www.abc.es,156,0.01225882921463404,0.01282051282051282,0.00641025641025641,2,1
www.milligazete.com.tr,42,0.012194951375325521,0.0,0.023809523809523808,0,1
www.sabah.com.tr,33,0.01216004111550071,0.0,0.030303030303030304,0,1
www.fr.de,93,0.0121043215515793,0.010752688172043012,0.0,1,0
sportal.blic.rs,32,0.012049853801727295,0.0,0.03125,0,1
www.yakimaherald.com,58,0.012026786804199219,0.0,0.034482758620689655,0,2
albeu.com,21,0.011997313726515997,0.0,0.0,0,0
www.nwemail.co.uk,35,0.011827523367745535,0.02857142857142857,0.02857142857142857,1,1
www.elperiodicodearagon.com,102,0.01182105494480507,0.0,0.049019607843137254,0,5
remolacha.net,33,0.011818423415675308,0.0,0.0,0,0
www.countypress.co.uk,20,0.011789417266845703,0.0,0.05,0,1
www.pasadenastarnews.com,41,0.011767038484899009,0.024390243902439025,0.024390243902439025,1,1
g1.globo.com,219,0.011727537738678118,0.0091324200913242,0.0091324200913242,2,2
news.yahoo.co.jp,269,0.0117213805811999,0.0037174721189591076,0.007434944237918215,1,2
bocabeacon.com,30,0.011721102396647136,0.0,0.0,0,0
www.elnorte.com,53,0.011711408507149175,0.018867924528301886,0.0,1,0
www.iltalehti.fi,60,0.011700328191121418,0.016666666666666666,0.03333333333333333,1,2
www.ledevoir.com,27,0.011687667281539351,0.0,0.0,0,0
www.libertaddigital.com,22,0.011652469635009766,0.0,0.0,0,0
www.elnuevodia.com,51,0.011634116079293046,0.0196078431372549,0.0,1,0
gong.bg,62,0.011595049212055822,0.016129032258064516,0.0,1,0
www.digi24.ro,31,0.01159098840528919,0.0,0.03225806451612903,0,1
www.gazetasp.com.br,30,0.01157239278157552,0.0,0.0,0,0
www.dailysentinel.com,22,0.01156893643465909,0.0,0.0,0,0
www.irishexaminer.com,23,0.011540454366932745,0.0,0.0,0,0
www.record.pt,96,0.011514415343602499,0.0,0.0,0,0
www.princegeorgecitizen.com,111,0.011511708165074254,0.0,0.036036036036036036,0,4
peru21.pe,31,0.011491590930569557,0.0,0.0,0,0
odia.ig.com.br,186,0.011469871767105596,0.010752688172043012,0.0,2,0
www.skai.gr,57,0.011401544537460595,0.0,0.03508771929824561,0,2
www.asahi.com,20,0.011351490020751953,0.0,0.0,0,0
www.centralmaine.com,25,0.01134857177734375,0.0,0.0,0,0
www.diariodesevilla.es,40,0.011281967163085938,0.0,0.025,0,1
www.dailyrecord.co.uk,40,0.011274003982543945,0.0,0.0,0,0
tn.ai,64,0.011268958449363708,0.0,0.0,0,0
www.thenews.com.pk,20,0.011252975463867188,0.0,0.05,0,1
news.day.az,20,0.011218929290771484,0.0,0.05,0,1
www.lateja.cr,33,0.011183825406161222,0.0,0.0,0,0
elbashayer.com,32,0.0111541748046875,0.0,0.0,0,0
observador.pt,48,0.011123836040496826,0.020833333333333332,0.020833333333333332,1,1
dailytimes.com.pk,30,0.011043039957682292,0.0,0.03333333333333333,0,1
www.wprost.pl,24,0.01103520393371582,0.0,0.0,0,0
www.malagahoy.es,51,0.01103509641161152,0.0,0.0196078431372549,0,1
hihi2.com,111,0.011005582036198797,0.018018018018018018,0.009009009009009009,2,1
www.ipswichstar.co.uk,29,0.010999186285610857,0.0,0.034482758620689655,0,1
es.investing.com,161,0.010933846420382861,0.006211180124223602,0.006211180124223602,1,1
www.b92.net,135,0.010926430313675493,0.014814814814814815,0.022222222222222223,2,3
pmo.ee,72,0.010869529512193467,0.013888888888888888,0.027777777777777776,1,2
www.dn.se,34,0.0108185936422909,0.0,0.0,0,0
www.newser.com,20,0.010795307159423829,0.0,0.0,0,0
www.aktuality.sk,21,0.010766256423223586,0.0,0.0,0,0
news.detik.com,20,0.010764312744140626,0.0,0.0,0,0
www.the-sun.com,42,0.010742278326125372,0.023809523809523808,0.023809523809523808,1,1
www.lindependant.fr,22,0.010737505826083097,0.0,0.0,0,0
chicago.suntimes.com,33,0.01067473671653054,0.0,0.030303030303030304,0,1
www.capitalgazette.com,42,0.010643890925816126,0.0,0.023809523809523808,0,1
www.bostonherald.com,49,0.010638528940628986,0.0,0.02040816326530612,0,1
dailypost.ng,38,0.01050366853412829,0.0,0.0,0,0
www.diariodemallorca.es,37,0.010471730618863492,0.0,0.02702702702702703,0,1
russian.rt.com,169,0.010444646756324543,0.005917159763313609,0.01775147928994083,1,3
www.thetimes.com,54,0.01042938232421875,0.018518518518518517,0.018518518518518517,1,1
www.rainews.it,40,0.010236668586730956,0.0,0.0,0,0
br.investing.com,103,0.010228795912659284,0.0,0.009708737864077669,0,1
www.nbcsports.com,81,0.0102229059478383,0.012345679012345678,0.0,1,0
www.express.co.uk,74,0.010189172383901235,0.013513513513513514,0.013513513513513514,1,1
www.hollywoodreporter.com,37,0.010179596978264887,0.0,0.0,0,0
www.diariodejerez.es,25,0.010179595947265625,0.0,0.0,0,0
www.ttownmedia.com,41,0.010171611134598895,0.0,0.0,0,0
www.naijanews.com,33,0.010151545206705729,0.0,0.0,0,0
www.in.gr,45,0.010130606757269966,0.0,0.022222222222222223,0,1
www.thesunchronicle.com,61,0.010100521025110464,0.01639344262295082,0.01639344262295082,1,1
www.ideal.es,39,0.010082367138984876,0.02564102564102564,0.02564102564102564,1,1
www.lowellsun.com,50,0.01007221221923828,0.02,0.02,1,1
www.eldia.es,103,0.010032663067567695,0.019417475728155338,0.02912621359223301,2,3
www.eldia.com,23,0.010005826535432236,0.0,0.043478260869565216,0,1
mundonow.com,23,0.009952793950619905,0.0,0.0,0,0
actualidad.rt.com,29,0.009858789115116513,0.0,0.034482758620689655,0,1
www.timesherald.com,42,0.009851024264381045,0.0,0.023809523809523808,0,1
www.abola.pt,60,0.009840075174967449,0.016666666666666666,0.0,1,0
www.deccanchronicle.com,90,0.009825844234890408,0.0,0.0,0,0
tribuneonlineng.com,39,0.009807782295422677,0.0,0.0,0,0
as.com,89,0.00978320903992385,0.0,0.033707865168539325,0,3
www.24sata.hr,68,0.009772440966437845,0.014705882352941176,0.014705882352941176,1,1
news.ltn.com.tw,29,0.009738987889783135,0.0,0.0,0,0
gizmodo.com,31,0.00973316930955456,0.0,0.0,0,0
borneobulletin.com.bn,30,0.009721946716308594,0.0,0.03333333333333333,0,1
www.gazetadopovo.com.br,40,0.009687137603759766,0.0,0.025,0,1
charter97.org,46,0.00967933820641559,0.021739130434782608,0.021739130434782608,1,1
www.thisislocallondon.co.uk,40,0.009671735763549804,0.0,0.025,0,1
www.thederrick.com,68,0.009653413996976964,0.014705882352941176,0.014705882352941176,1,1
www.toledoblade.com,20,0.009645843505859375,0.0,0.0,0,0
cursorinfo.co.il,52,0.009638712956355168,0.0,0.0,0,0
www.repubblica.it,25,0.009615631103515624,0.0,0.0,0,0
www.kicker.de,54,0.009599932917842158,0.0,0.0,0,0
uk.sports.yahoo.com,92,0.009565332661504332,0.0,0.010869565217391304,0,1
www.columbian.com,20,0.009512948989868163,0.0,0.0,0,0
thesun.ng,37,0.009447458628061655,0.0,0.0,0,0
www.entekhab.ir,31,0.00943571521389869,0.0,0.0,0,0
independent.ng,20,0.009404468536376952,0.0,0.05,0,1
www.larazon.es,60,0.00937946637471517,0.016666666666666666,0.016666666666666666,1,1
www.nbcnews.com,39,0.00931221399551783,0.0,0.0,0,0
www.index.hr,125,0.00930126953125,0.008,0.0,1,0
www.elmundo.es,42,0.009301162901378814,0.0,0.0,0,0
www.leggo.it,27,0.009224503128616899,0.0,0.0,0,0
www.tvn-2.com,39,0.00917358887501252,0.0,0.02564102564102564,0,1
www.24chasa.bg,69,0.009163980898649796,0.0,0.028985507246376812,0,2
www.vf.se,23,0.009140843930451767,0.0,0.0,0,0
eldeber.com.bo,38,0.009069141588712993,0.0,0.02631578947368421,0,1
botasot.info,191,0.009068004747959955,0.005235602094240838,0.020942408376963352,1,4
www.devdiscourse.com,76,0.009049867328844573,0.0,0.0,0,0
www.n-tv.de,37,0.009013536814096812,0.0,0.0,0,0
stirileprotv.ro,24,0.008995691935221354,0.0,0.0,0,0
naslovi.net,174,0.008945240371528712,0.005747126436781609,0.0,1,0
www.tv2.no,21,0.008932794843401228,0.0,0.0,0,0
www.fosonline.gr,57,0.00892933628015351,0.0,0.017543859649122806,0,1
www.slovenskenovice.si,25,0.008850135803222657,0.0,0.0,0,0
www.chicagotribune.com,47,0.008843462517920961,0.0,0.02127659574468085,0,1
talksport.com,20,0.00882577896118164,0.0,0.0,0,0
www.cbsnews.com,61,0.00876476725593942,0.0,0.0,0,0
www.chronline.com,35,0.008759008135114398,0.0,0.02857142857142857,0,1
www.eastbaytimes.com,69,0.00875643025273862,0.0,0.0,0,0
guardian.ng,59,0.00875506966801013,0.0,0.01694915254237288,0,1
www.laopiniondemurcia.es,69,0.008728676947994509,0.014492753623188406,0.014492753623188406,1,1
www.infomoney.com.br,67,0.008722333765741604,0.014925373134328358,0.014925373134328358,1,1
www.rrdailyherald.com,30,0.008714580535888672,0.0,0.0,0,0
www.isna.ir,101,0.008681429494725595,0.0,0.0297029702970297,0,3
www.voetbalkrant.com,35,0.008677128383091518,0.0,0.02857142857142857,0,1
www.webtekno.com,32,0.008668303489685059,0.0,0.03125,0,1
jurnalul.ro,44,0.008662397211248224,0.0,0.0,0,0
torontosun.com,48,0.008650978406270346,0.0,0.020833333333333332,0,1
ura.news,68,0.008585719501270968,0.014705882352941176,0.0,1,0
www.closermag.fr,22,0.008571624755859375,0.0,0.0,0,0
www.realestate.com.au,20,0.008542442321777343,0.0,0.0,0,0
www.nachrichten.at,25,0.00848968505859375,0.0,0.0,0,0
www.senenews.com,35,0.008484050205775669,0.0,0.0,0,0
www.nrk.no,28,0.008470807756696428,0.0,0.0,0,0
nos.nl,24,0.008465925852457682,0.0,0.0,0,0
nl.investing.com,49,0.00846559174206792,0.0,0.02040816326530612,0,1
www.ottumwacourier.com,41,0.008444134782000286,0.0,0.0,0,0
www.metroecuador.com.ec,43,0.008440749589786974,0.023255813953488372,0.023255813953488372,1,1
sport.ua,91,0.00843216822697566,0.02197802197802198,0.02197802197802198,2,2
www.rockdalenewtoncitizen.com,45,0.00839837392171224,0.0,0.022222222222222223,0,1
www.popsugar.com,25,0.008392906188964844,0.0,0.0,0,0
www.superdeporte.es,63,0.008364601740761408,0.0,0.031746031746031744,0,2
vm.ru,25,0.008360481262207032,0.0,0.0,0,0
www.origo.hu,25,0.008350791931152344,0.0,0.0,0,0
www.srf.ch,23,0.00829841779625934,0.0,0.0,0,0
www.liberation.fr,33,0.008276361407655659,0.0,0.0,0,0
www.twincities.com,46,0.00825264142907184,0.0,0.021739130434782608,0,1
www.aftenposten.no,26,0.00824268047626202,0.0,0.0,0,0
7news.com.au,23,0.008212131002674932,0.0,0.0,0,0
aawsat.com,36,0.0081838501824273,0.0,0.027777777777777776,0,1
www.pagina12.com.ar,30,0.008173688252766927,0.0,0.0,0,0
punchng.com,54,0.008173395086217809,0.0,0.0,0,0
www.record-eagle.com,45,0.008149549696180555,0.0,0.0,0,0
www.khaberni.com,30,0.008145586649576823,0.0,0.03333333333333333,0,1
www.lalaziosiamonoi.it,21,0.008123670305524553,0.0,0.0,0,0
www.sn.at,30,0.008117930094401041,0.0,0.0,0,0
www.publico.pt,50,0.008110065460205079,0.0,0.02,0,1
sportando.basketball,28,0.008105209895542689,0.0,0.0,0,0
financialpost.com,42,0.008098806653703963,0.0,0.0,0,0
www.varmatin.com,20,0.008093452453613282,0.0,0.0,0,0
jornaleconomico.sapo.pt,27,0.008067095721209491,0.0,0.0,0,0
www.henryherald.com,41,0.008029332975061929,0.0,0.0,0,0
www.haberturk.com,61,0.007905678670914447,0.0,0.01639344262295082,0,1
www.heraldbulletin.com,23,0.007879008417544157,0.0,0.0,0,0
www.vedomosti.ru,30,0.0078081448872884115,0.0,0.03333333333333333,0,1
www.vijesti.ba,41,0.007794170844845656,0.0,0.0,0,0
www.elsoldetlaxcala.com.mx,20,0.007785177230834961,0.0,0.0,0,0
www.elcorreogallego.es,76,0.00777041284661544,0.0,0.013157894736842105,0,1
sport.tvp.pl,28,0.0077659061976841515,0.0,0.0,0,0
ultimasnoticias.com.ve,64,0.0077436864376068115,0.0,0.015625,0,1
www.readingchronicle.co.uk,21,0.007719312395368304,0.0,0.0,0,0
gr.investing.com,53,0.007700794147995283,0.0,0.0,0,0
tribune.net.ph,21,0.007685706728980655,0.0,0.0,0,0
www.latimes.com,43,0.007675681003304415,0.0,0.0,0,0
www.news-daily.com,28,0.007658958435058594,0.0,0.0,0,0
panow.com,40,0.0076181888580322266,0.0,0.0,0,0
trome.com,25,0.007606277465820313,0.0,0.0,0,0
www.elbalad.news,288,0.007602367136213515,0.003472222222222222,0.003472222222222222,1,1
www.elplural.com,23,0.007574537526006284,0.0,0.0,0,0
www.dhnet.be,38,0.0075358089647795026,0.0,0.02631578947368421,0,1
www.ansa.it,49,0.007513571758659518,0.0,0.0,0,0
www.cbc.ca,79,0.007495554187629796,0.0,0.0,0,0
ria.ru,109,0.00745815312096832,0.0,0.0,0,0
www.elnortedecastilla.es,56,0.00745516163962228,0.0,0.0,0,0
www.stroudnewsandjournal.co.uk,22,0.00744871659712358,0.0,0.0,0,0
vanguardia.com.mx,106,0.007426279895710495,0.0,0.009433962264150943,0,1
www.courant.com,70,0.007408373696463449,0.014285714285714285,0.014285714285714285,1,1
www.therecord.com,104,0.007407344304598295,0.0,0.009615384615384616,0,1
www.thespec.com,57,0.007365695217199493,0.0,0.017543859649122806,0,1
www.whittierdailynews.com,46,0.007364480391792629,0.0,0.0,0,0
www.birgun.net,25,0.007360153198242188,0.0,0.0,0,0
www.greaterkashmir.com,78,0.007342240749261318,0.0,0.0,0,0
www.gbtribune.com,29,0.00730432313064049,0.0,0.0,0,0
www.ulusal.com.tr,21,0.0072507404145740325,0.0,0.0,0,0
apa.az,30,0.007243601481119791,0.0,0.0,0,0
www.20minutos.es,74,0.007237911224365234,0.0,0.0,0,0
news.stv.tv,21,0.0072271256219773065,0.0,0.0,0,0
news.sportbox.ru,63,0.00722685314360119,0.0,0.0,0,0
www.elsoldetijuana.com.mx,21,0.00720419202532087,0.0,0.0,0,0
www.gulf-times.com,74,0.007193101418984903,0.0,0.013513513513513514,0,1
rtcg.me,63,0.007182590545169891,0.0,0.0,0,0
www.aksam.com.tr,51,0.007166208005418964,0.0,0.0,0,0
www.elcomercio.es,53,0.007152503391481795,0.0,0.0,0,0
www.mtdemocrat.com,63,0.0071455637613932295,0.0,0.0,0,0
newtelegraphng.com,37,0.007143690779402449,0.0,0.0,0,0
www.elsoldemorelia.com.mx,26,0.007139719449556791,0.0,0.0,0,0
www.fanpage.it,60,0.00711816151936849,0.0,0.016666666666666666,0,1
www.tportal.hr,74,0.00710411329527159,0.0,0.013513513513513514,0,1
www.lequipe.fr,30,0.007100836435953776,0.0,0.03333333333333333,0,1
www.dailylocal.com,37,0.007081547298946896,0.0,0.0,0,0
www.albawabhnews.com,124,0.007036086051694809,0.008064516129032258,0.0,1,0
www.portfolio.hu,33,0.007023637945001776,0.0,0.0,0,0
www.slobodna-bosna.ba,82,0.007023636887713176,0.0,0.0,0,0
www.dailyfreeman.com,53,0.006986923937527639,0.0,0.018867924528301886,0,1
www.blic.rs,61,0.0069767686187243855,0.0,0.0,0,0
www.nicematin.com,23,0.0069589200227156926,0.0,0.0,0,0
globalnews.ca,56,0.006935051509312221,0.0,0.0,0,0
opinion.al,42,0.006930578322637649,0.0,0.0,0,0
sintesis.com.mx,22,0.006923415444113992,0.0,0.0,0,0
vecer.mk,24,0.006922006607055664,0.0,0.0,0,0
www.tv100.com,26,0.0069153125469501205,0.0,0.0,0,0
ladiaria.com.uy,21,0.006893112545921689,0.0,0.0,0,0
www.ondacero.es,51,0.006888819675819546,0.0,0.0,0,0
www.reflector.com,31,0.00686691653343939,0.0,0.0,0,0
www.cuatro.com,26,0.00684661131638747,0.0,0.0,0,0
infomax.mk,28,0.00682483400617327,0.0,0.0,0,0
www.canarias7.es,26,0.006818991440993089,0.0,0.0,0,0
www.al-madina.com,50,0.0067866134643554685,0.0,0.0,0,0
abc7.com,26,0.00678410896888146,0.0,0.0,0,0
www.startribune.com,23,0.006779048753821332,0.0,0.0,0,0
www.mississippivalleypublishing.com,24,0.006774743398030599,0.0,0.0,0,0
www.dailydemocrat.com,48,0.00676812728246053,0.0,0.0,0,0
www.birminghammail.co.uk,38,0.006724156831440173,0.0,0.0,0,0
www.vijesti.me,44,0.006711634722622958,0.0,0.0,0,0
www.khabarvarzeshi.com,36,0.006686687469482422,0.0,0.0,0,0
www.odt.co.nz,29,0.006678482581829202,0.0,0.0,0,0
www.mopo.de,32,0.00667184591293335,0.0,0.0,0,0
www.francebleu.fr,51,0.0066492791269339765,0.0,0.0,0,0
www.elcomercio.com,38,0.006648364819978413,0.0,0.0,0,0
www.leaderlive.co.uk,21,0.006645384288969494,0.0,0.0,0,0
naszdziennik.pl,24,0.006603717803955078,0.0,0.0,0,0
shootandgoal.cyprustimes.com,41,0.0065824462146293825,0.0,0.0,0,0
www.elimparcial.com,199,0.006580846393527697,0.005025125628140704,0.0,1,0
www.stcatharinesstandard.ca,90,0.0065769831339518225,0.0,0.011111111111111112,0,1
www.pottsmerc.com,44,0.006573893807151101,0.0,0.0,0,0
www.elaosboa.com,37,0.006554113852011191,0.0,0.0,0,0
www.dailybreeze.com,37,0.006538004488558383,0.0,0.0,0,0
www.sun-sentinel.com,43,0.006515059360238009,0.0,0.0,0,0
www.elcordillerano.com.ar,30,0.006502914428710938,0.0,0.0,0,0
www.shropshirestar.com,23,0.006481004797894022,0.0,0.0,0,0
www.oneidadispatch.com,35,0.006473568507603236,0.0,0.0,0,0
www.boston.com,21,0.0064532870338076635,0.0,0.0,0,0
www.adengad.net,38,0.006417174088327508,0.0,0.0,0,0
dailyhive.com,41,0.0064153206057664825,0.0,0.0,0,0
www.timescall.com,45,0.006393580966525607,0.0,0.0,0,0
www.billboard.com,57,0.006389500802023369,0.0,0.0,0,0
sportske.jutarnji.hr,29,0.006377943630876212,0.0,0.0,0,0
www.gazzetta.gr,101,0.00633921481595181,0.0,0.0,0,0
www.9news.com,20,0.006338977813720703,0.0,0.0,0,0
www.sootoday.com,76,0.006330126210262901,0.0,0.0,0,0
www.publimetro.co,38,0.006297513058311061,0.0,0.0,0,0
www.diariovasco.com,43,0.006272493406783703,0.0,0.0,0,0
scsport.ba,20,0.0062713146209716795,0.0,0.0,0,0
www.liverpoolecho.co.uk,41,0.006269361914657965,0.0,0.0,0,0
www.publimetro.com.mx,91,0.006219308454911788,0.0,0.0,0,0
www.one.co.il,37,0.00621744104333826,0.0,0.0,0,0
www.tuttojuve.com,73,0.006216336603034033,0.0,0.0136986301369863,0,1
www.milannews.it,66,0.0061686544707327175,0.0,0.015151515151515152,0,1
www.elsoldepuebla.com.mx,39,0.006164061717497997,0.0,0.0,0,0
www.digitaltrends.com,32,0.006155550479888916,0.0,0.0,0,0
tass.ru,216,0.00614158312479655,0.0,0.0,0,0
www.diariodenavarra.es,22,0.0061380212957208805,0.0,0.0,0,0
www.nsctotal.com.br,72,0.0061367882622612845,0.0,0.0,0,0
www.europapress.es,38,0.00611777054636102,0.0,0.0,0,0
gvwire.com,27,0.006116584495261863,0.0,0.0,0,0
www.ahaber.com.tr,27,0.006111286304615162,0.0,0.0,0,0
www.eadt.co.uk,26,0.006110338064340444,0.0,0.0,0,0
www.justjared.com,25,0.006107177734375,0.0,0.0,0,0
www.silive.com,21,0.006103697277250744,0.0,0.0,0,0
larazon.pe,23,0.0060936471690302306,0.0,0.0,0,0
www.guardian-series.co.uk,23,0.006061346634574558,0.0,0.0,0,0
elpais.com,40,0.0060366630554199215,0.0,0.0,0,0
champion.com.ua,52,0.006026157966026893,0.0,0.0,0,0
rr.sapo.pt,67,0.006021371528283873,0.0,0.0,0,0
www.novilist.hr,42,0.006017980121430897,0.0,0.0,0,0
www.visir.is,52,0.0060160160064697266,0.0,0.0,0,0
www.bbc.com,54,0.005990893752486618,0.0,0.0,0,0
www.zurnal.rs,27,0.005985754507559317,0.0,0.0,0,0
onedio.com,83,0.005977148033050169,0.0,0.0,0,0
abc7chicago.com,20,0.005969429016113281,0.0,0.0,0,0
slobodnadalmacija.hr,95,0.00595958107396176,0.0,0.010526315789473684,0,1
www.calciomercato.com,37,0.0059507215345228045,0.0,0.0,0,0
pl.investing.com,63,0.0059369707864428325,0.0,0.0,0,0
www.clarin.com,92,0.005936145782470703,0.0,0.0,0,0
www.sportsnet.ca,45,0.005934354994032118,0.0,0.0,0,0
www.burytimes.co.uk,26,0.0059217306283804085,0.0,0.0,0,0
www.businessinsider.nl,26,0.00591424795297476,0.0,0.0,0,0
www.usmagazine.com,48,0.00588234265645345,0.0,0.0,0,0
www.elsoldemexico.com.mx,30,0.005870755513509115,0.0,0.0,0,0
www.pilotonline.com,38,0.005867732198614823,0.0,0.0,0,0
isport.blesk.cz,28,0.005850110735212054,0.0,0.0,0,0
www.times-standard.com,27,0.0058415377581561055,0.0,0.0,0,0
www.mundodeportivo.com,85,0.005840481028837316,0.0,0.0,0,0
www.mlive.com,72,0.005833188692728679,0.0,0.0,0,0
news.rambler.ru,21,0.0058298565092540925,0.0,0.0,0,0
www.albanyherald.com,52,0.005809123699481671,0.0,0.0,0,0
www.sthelensstar.co.uk,21,0.0058040618896484375,0.0,0.0,0,0
www.manchestereveningnews.co.uk,74,0.005792669347814612,0.0,0.0,0,0
www.northwalespioneer.co.uk,24,0.005765000979105632,0.0,0.0,0,0
www.theoaklandpress.com,41,0.005757704013731421,0.0,0.0,0,0
www.mylondon.news,20,0.00573272705078125,0.0,0.0,0,0
444.hu,20,0.0057281494140625,0.0,0.0,0,0
www.ice.co.il,40,0.00567469596862793,0.0,0.0,0,0
www.reporterherald.com,32,0.005669951438903809,0.0,0.0,0,0
www.timesheraldonline.com,31,0.005665779113769531,0.0,0.0,0,0
www.rbc.ru,56,0.0056591033935546875,0.0,0.0,0,0
www.hoy.es,49,0.005633470963458626,0.0,0.0,0,0
www.ilkleygazette.co.uk,20,0.005617523193359375,0.0,0.0,0,0
www.thereporter.com,31,0.005616926377819431,0.0,0.0,0,0
sport.alo.rs,26,0.0055687244121844955,0.0,0.0,0,0
esto.com.mx,20,0.005564737319946289,0.0,0.0,0,0
theprint.in,20,0.005530738830566406,0.0,0.0,0,0
www.iprofesional.com,27,0.00552315182156033,0.0,0.0,0,0
www.chicoer.com,38,0.005520644940828022,0.0,0.0,0,0
www.citizentribune.com,36,0.005470222896999783,0.0,0.0,0,0
www.telegraf.rs,64,0.005466818809509277,0.0,0.0,0,0
realites.com.tn,24,0.005454063415527344,0.0,0.0,0,0
www.voetbalprimeur.nl,38,0.00544026023463199,0.0,0.0,0,0
www.mcall.com,48,0.005425075689951579,0.0,0.0,0,0
www.teraz.sk,29,0.00541693588783001,0.0,0.0,0,0
www.trthaber.com,38,0.005412126842298005,0.0,0.0,0,0
www.lalibre.be,20,0.005380582809448242,0.0,0.0,0,0
www.sportschau.de,21,0.005345480782645089,0.0,0.0,0,0
www.orovillemr.com,28,0.0053255898611886164,0.0,0.0,0,0
www.jutarnji.hr,39,0.005322603078988882,0.0,0.0,0,0
www.expressandstar.com,25,0.0053119659423828125,0.0,0.0,0,0
cinepop.com.br,41,0.005310849445622142,0.0,0.0,0,0
www.today.it,35,0.005298777988978795,0.0,0.0,0,0
www.telegram.hr,30,0.005291748046875,0.0,0.0,0,0
www.cope.es,52,0.0052281343019925635,0.0,0.0,0,0
www.abendzeitung-muenchen.de,24,0.0052280426025390625,0.0,0.0,0,0
www.eldiario.es,31,0.0052190903694398945,0.0,0.0,0,0
www.leonoticias.com,24,0.005215167999267578,0.0,0.0,0,0
www.thestar.com.my,36,0.0051686763763427734,0.0,0.0,0,0
www.tmz.com,20,0.005156612396240235,0.0,0.0,0,0
www.prensa-latina.cu,64,0.005151331424713135,0.0,0.0,0,0
www.travelandtourworld.com,30,0.00513156255086263,0.0,0.0,0,0
www.estrepublicain.fr,61,0.005122559969542456,0.0,0.0,0,0
www.lemonde.fr,32,0.005122244358062744,0.0,0.0,0,0
www.dailytribune.com,42,0.005091008685884022,0.0,0.0,0,0
www.milenio.com,178,0.0050892186968514086,0.0,0.0,0,0
natlawreview.com,40,0.005084323883056641,0.0,0.0,0,0
www.standard.co.uk,45,0.005074734157986111,0.0,0.0,0,0
ilpiccolo.gelocal.it,20,0.005073928833007812,0.0,0.0,0,0
www.lavoz.com.ar,134,0.005068757640781687,0.0,0.007462686567164179,0,1
www.kommersant.ru,52,0.005039288447453425,0.0,0.0,0,0
www.ukiahdailyjournal.com,25,0.005035934448242188,0.0,0.0,0,0
sportowefakty.wp.pl,94,0.00502499113691614,0.0,0.0,0,0
www.lefigaro.fr,85,0.004987144470214843,0.0,0.0,0,0
www.sentinelandenterprise.com,55,0.004979532415216619,0.0,0.0,0,0
www.elsoldecuernavaca.com.mx,25,0.00497894287109375,0.0,0.0,0,0
www.dan.co.me,63,0.004967780340285529,0.0,0.0,0,0
www.lavozdegalicia.es,78,0.004952479631472857,0.0,0.0,0,0
www.hellomagazine.com,28,0.004945720945085798,0.0,0.0,0,0
www.eldinamo.cl,20,0.004937505722045899,0.0,0.0,0,0
www.espn.com,28,0.004930428096226284,0.0,0.0,0,0
siol.net,36,0.004919317033555772,0.0,0.0,0,0
www.elheraldodechihuahua.com.mx,66,0.004878101926861387,0.0,0.0,0,0
www.eldebate.com,35,0.00486313956124442,0.0,0.0,0,0
elnuevodiario.com.do,161,0.004843652618597753,0.0,0.0,0,0
laopinion.com,54,0.004840268029106988,0.0,0.0,0,0
nptelegraph.com,21,0.0048264094761439735,0.0,0.0,0,0
www.digisport.ro,63,0.004825470939515129,0.0,0.0,0,0
www.obozrevatel.com,31,0.004823438582881805,0.0,0.0,0,0
www.fortmorgantimes.com,25,0.004808921813964844,0.0,0.0,0,0
www.geo.tv,35,0.004804665701729911,0.0,0.0,0,0
www.santacruzsentinel.com,42,0.004790374210902623,0.0,0.0,0,0
variety.com,39,0.0047745826916816905,0.0,0.0,0,0
www.vernonmorningstar.com,27,0.004764274314597801,0.0,0.0,0,0
www.elsoldemazatlan.com.mx,37,0.004761489661964211,0.0,0.0,0,0
www.futebolinterior.com.br,68,0.004734109429752126,0.0,0.0,0,0
sportske.net,36,0.00472561518351237,0.0,0.0,0,0
www.trentonian.com,37,0.00471164084769584,0.0,0.0,0,0
www.saratogian.com,39,0.004706920721592047,0.0,0.0,0,0
www.ok.co.uk,29,0.004700233196390086,0.0,0.0,0,0
www.abbynews.com,21,0.0046997978573753724,0.0,0.0,0,0
lethbridgenewsnow.com,27,0.004695044623480903,0.0,0.0,0,0
www.macombdaily.com,37,0.004671328776591533,0.0,0.0,0,0
www.lapresse.ca,31,0.004666451484926285,0.0,0.0,0,0
www.perfil.com,55,0.004622719504616477,0.0,0.0,0,0
www.gazetaesportiva.com,54,0.004621894271285446,0.0,0.0,0,0
www.marca.com,132,0.0046130671645655775,0.0,0.0,0,0
www.campbellrivermirror.com,20,0.004610395431518555,0.0,0.0,0,0
www.yardbarker.com,325,0.004594826331505409,0.0,0.0,0,0
www.troyrecord.com,39,0.004581720401079227,0.0,0.0,0,0
www.hotnewhiphop.com,32,0.0045799314975738525,0.0,0.0,0,0
www.tvazteca.com,30,0.004569117228190104,0.0,0.0,0,0
www.diariodexalapa.com.mx,23,0.004568058511485224,0.0,0.0,0,0
www.elsoldesinaloa.com.mx,33,0.00453830487800367,0.0,0.0,0,0
www.reforma.com,31,0.0045298914755544355,0.0,0.0,0,0
www.okaz.com.sa,22,0.004524837840687145,0.0,0.0,0,0
diariocorreo.pe,28,0.004511083875383649,0.0,0.0,0,0
thesportsrush.com,28,0.004480566297258649,0.0,0.0,0,0
www.metro.pr,45,0.004472584194607205,0.0,0.0,0,0
www.kelownacapnews.com,22,0.004461028359153054,0.0,0.0,0,0
www.comingsoon.net,37,0.004458865603885135,0.0,0.0,0,0
www.latercera.com,77,0.00445235859264027,0.0,0.0,0,0
www.yucatan.com.mx,26,0.0044378133920522835,0.0,0.0,0,0
www.elsoldehidalgo.com.mx,21,0.004436810811360677,0.0,0.0,0,0
mondo.me,28,0.004427296774727958,0.0,0.0,0,0
www.castanet.net,38,0.004426404049521999,0.0,0.0,0,0
www.elheraldodejuarez.com.mx,35,0.00442047119140625,0.0,0.0,0,0
hnonline.sk,30,0.00442037582397461,0.0,0.0,0,0
www.midilibre.fr,24,0.004411737124125163,0.0,0.0,0,0
www.terra.com.br,145,0.0043804497554384425,0.0,0.0,0,0
ga.de,22,0.0043638402765447445,0.0,0.0,0,0
www.pb.pl,59,0.0043629630137298064,0.0,0.0,0,0
www.hola.com,43,0.004350351732830668,0.0,0.0,0,0
www.elsoldedurango.com.mx,40,0.004333019256591797,0.0,0.0,0,0
es.ara.cat,30,0.004262097676595052,0.0,0.0,0,0
www.elsoldecordoba.com.mx,20,0.004233694076538086,0.0,0.0,0,0
www.elsoldeirapuato.com.mx,21,0.004228909810384114,0.0,0.0,0,0
www.eloccidental.com.mx,30,0.004226652781168619,0.0,0.0,0,0
proceso.hn,46,0.004211695297904636,0.0,0.0,0,0
lacalle.com.ve,27,0.0041648370248300055,0.0,0.0,0,0
www.morningjournal.com,26,0.004162384913517878,0.0,0.0,0,0
lineadirectaportal.com,100,0.004152622222900391,0.0,0.0,0,0
www.elsoldetampico.com.mx,21,0.004145985557919457,0.0,0.0,0,0
www.latribune.ca,28,0.004125288554600307,0.0,0.0,0,0
www.sport-express.ru,98,0.004116982829814054,0.0,0.0,0,0
www.antena3.com,47,0.0041143133285197805,0.0,0.0,0,0
www.francetvinfo.fr,35,0.0041043417794363836,0.0,0.0,0,0
www.ladepeche.fr,32,0.0040929317474365234,0.0,0.0,0,0
www.btolat.com,46,0.004086515177851138,0.0,0.0,0,0
www.24-horas.mx,39,0.004079011770395132,0.0,0.0,0,0
istoe.com.br,111,0.004076270369796065,0.0,0.0,0,0
www.la-prensa.com.mx,39,0.0040620168050130205,0.0,0.0,0,0
www.promiflash.de,67,0.004053856009867654,0.0,0.0,0,0
www.rtvslo.si,28,0.004051038197108677,0.0,0.0,0,0
www.sport.pl,30,0.004040972391764323,0.0,0.0,0,0
kenoshanews.com,21,0.004014650980631511,0.0,0.0,0,0
www.onzemondial.com,31,0.00400011001094695,0.0,0.0,0,0
sport.interia.pl,37,0.0039850698935019,0.0,0.0,0,0
horacero.com.mx,28,0.0039364950997488836,0.0,0.0,0,0
www.lostiempos.com,21,0.003911381676083519,0.0,0.0,0,0
www.mk-orel.ru,22,0.0038999210704456677,0.0,0.0,0,0
www.interfax.ru,23,0.0038962156876273775,0.0,0.0,0,0
www.di.se,23,0.0038779300192128057,0.0,0.0,0,0
www.sports.ru,25,0.003835906982421875,0.0,0.0,0,0
www.launion.com.mx,31,0.003834170679892263,0.0,0.0,0,0
www.elsoldeleon.com.mx,21,0.0038318179902576263,0.0,0.0,0,0
www.tuttomercatoweb.com,153,0.003819191377926496,0.0,0.0,0,0
www.portafolio.co,21,0.0038091568719773065,0.0,0.0,0,0
www.correiodopovo.com.br,35,0.003804588317871094,0.0,0.0,0,0
www.ledroit.com,28,0.0037948404039655414,0.0,0.0,0,0
mkala.mk.ru,39,0.0037842775002504005,0.0,0.0,0,0
www.juventusnews24.com,46,0.0037833711375360904,0.0,0.0,0,0
www.elsoldesanluis.com.mx,37,0.003756445807379645,0.0,0.0,0,0
www.vecernji.ba,32,0.0037410855293273926,0.0,0.0,0,0
www.mural.com.mx,48,0.0037389794985453286,0.0,0.0,0,0
www.lavanguardia.com,36,0.0037344031863742405,0.0,0.0,0,0
www.heraldo.es,67,0.0037284964945778916,0.0,0.0,0,0
news.republika.co.id,26,0.0037140112656813403,0.0,0.0,0,0
www.ennaharonline.com,30,0.003713099161783854,0.0,0.0,0,0
www.tunisienumerique.com,30,0.00370330810546875,0.0,0.0,0,0
www.lanacion.com.ar,209,0.0036496477263966245,0.0,0.0,0,0
www.lavozdelafrontera.com.mx,26,0.0036164063673753003,0.0,0.0,0,0
www.elheraldodetabasco.com.mx,23,0.0036101548568062162,0.0,0.0,0,0
www.masslive.com,37,0.0035927746746991134,0.0,0.0,0,0
elperiodiquito.com,29,0.003574700191103179,0.0,0.0,0,0
www.varzesh3.com,76,0.0035615971213892885,0.0,0.0,0,0
www.zappit.gr,22,0.0035294619473544035,0.0,0.0,0,0
www.programme-tv.net,44,0.003516630692915483,0.0,0.0,0,0
expansion.mx,28,0.0034915038517543246,0.0,0.0,0,0
www.elrancaguino.cl,28,0.00348700795854841,0.0,0.0,0,0
andina.pe,61,0.0034740322926005377,0.0,0.0,0,0
hoydiariodelmagdalena.com.co,45,0.003442594740125868,0.0,0.0,0,0
laverdad.com,20,0.003426361083984375,0.0,0.0,0,0
www.ceskenoviny.cz,27,0.003391548439308449,0.0,0.0,0,0
bringatrailer.com,20,0.0033820152282714845,0.0,0.0,0,0
diariodelcauca.com.co,23,0.003380982772163723,0.0,0.0,0,0
okdiario.com,56,0.0033758197511945453,0.0,0.0,0,0
www.eleconomista.es,22,0.0033191767605868254,0.0,0.0,0,0
www.capjournal.com,67,0.0033190997678842118,0.0,0.0,0,0
www.givemesport.com,47,0.003305638090093085,0.0,0.0,0,0
www.sport.de,24,0.003303050994873047,0.0,0.0,0,0
www.ole.com.ar,45,0.0032988866170247395,0.0,0.0,0,0
www.minutouno.com,26,0.0032871319697453426,0.0,0.0,0,0
www.diariodeleon.es,27,0.003272162543402778,0.0,0.0,0,0
football.ua,28,0.003270489828927176,0.0,0.0,0,0
www.cnnchile.com,45,0.003261311848958333,0.0,0.0,0,0
www.mdzol.com,40,0.0032436132431030275,0.0,0.0,0,0
www.lesaffaires.com,23,0.0032368950221849523,0.0,0.0,0,0
www.zocalo.com.mx,69,0.0032326103984445767,0.0,0.0,0,0
www.larepublica.co,37,0.003220094216836465,0.0,0.0,0,0
theobjective.com,37,0.0031772046475797085,0.0,0.0,0,0
www.rosbalt.ru,21,0.0031750996907552085,0.0,0.0,0,0
www.theportugalnews.com,113,0.0031690597534179688,0.0,0.0,0,0
lahora.cl,40,0.003157687187194824,0.0,0.0,0,0
bleacherreport.com,34,0.003155960756189683,0.0,0.0,0,0
www.lesoleil.com,35,0.0031543731689453124,0.0,0.0,0,0
www.elsiglodetorreon.com.mx,21,0.0031522569202241443,0.0,0.0,0,0
ar.tunisienumerique.com,33,0.0031457380814985795,0.0,0.0,0,0
arriyadiyah.com,45,0.0031319936116536457,0.0,0.0,0,0
www.noroeste.com.mx,22,0.003125450827858665,0.0,0.0,0,0
www.digitalmex.mx,21,0.003112429664248512,0.0,0.0,0,0
eltiempove.com,22,0.0030979243191805754,0.0,0.0,0,0
shiftdelete.net,23,0.0030955024387525477,0.0,0.0,0,0
www.engadget.com,20,0.003078651428222656,0.0,0.0,0,0
www.reporteindigo.com,29,0.0030711272667194233,0.0,0.0,0,0
www.elprogreso.es,33,0.0030705134073893228,0.0,0.0,0,0
rmcsport.bfmtv.com,31,0.003070154497700353,0.0,0.0,0,0
www.diariodequeretaro.com.mx,20,0.003064393997192383,0.0,0.0,0,0
www.pianetamilan.it,42,0.0029841831752232145,0.0,0.0,0,0
elheraldodesaltillo.mx,26,0.0029508150540865385,0.0,0.0,0,0
www.eldiario.ec,22,0.002943862568248402,0.0,0.0,0,0
www.capitalmexico.com.mx,31,0.002929564445249496,0.0,0.0,0,0
www.purepeople.com,29,0.0028679288666823813,0.0,0.0,0,0
www.rionegro.com.ar,89,0.002865930621543627,0.0,0.0,0,0
www.clm24.es,38,0.002822599912944593,0.0,0.0,0,0
www.elterritorio.com.ar,30,0.0027756373087565104,0.0,0.0,0,0
eldiariony.com,45,0.0027176539103190103,0.0,0.0,0,0
www.areanapoli.it,58,0.002677111790097993,0.0,0.0,0,0
le10sport.com,49,0.0024625427868901466,0.0,0.0,0,0
www.021.rs,29,0.0024128289058290677,0.0,0.0,0,0
forbes.com.mx,20,0.0023913860321044924,0.0,0.0,0,0
sinmordaza.com,21,0.0023512159075055805,0.0,0.0,0,0
